#
# There is insufficient memory for the Java Runtime Environment to continue.
# Native memory allocation (mmap) failed to map 65536 bytes for Failed to commit metaspace.
# Possible reasons:
#   The system is out of physical RAM or swap space
#   The process is running with CompressedOops enabled, and the Java Heap may be blocking the growth of the native heap
# Possible solutions:
#   Reduce memory load on the system
#   Increase physical memory or swap space
#   Check if swap backing store is full
#   Decrease Java heap size (-Xmx/-Xms)
#   Decrease number of Java threads
#   Decrease Java thread stack sizes (-Xss)
#   Set larger code cache with -XX:ReservedCodeCacheSize=
#   JVM is running with Unscaled Compressed Oops mode in which the Java heap is
#     placed in the first 4GB address space. The Java Heap base address is the
#     maximum limit for the native heap growth. Please use -XX:HeapBaseMinAddress
#     to set the Java Heap base and to place the Java Heap above 4GB virtual address.
# This output file may be truncated or incomplete.
#
#  Out of Memory Error (virtualSpaceNode.cpp:112), pid=28804, tid=30004
#
# JRE version: Java(TM) SE Runtime Environment (21.0.9+7) (build 21.0.9+7-LTS-338)
# Java VM: Java HotSpot(TM) 64-Bit Server VM (21.0.9+7-LTS-338, mixed mode, emulated-client, sharing, tiered, compressed oops, compressed class ptrs, g1 gc, windows-amd64)
# No core dump will be written. Minidumps are not enabled by default on client versions of Windows
#

---------------  S U M M A R Y ------------

Command Line: -XX:TieredStopAtLevel=1 com.spdpboss.spdpboss.SpdpbossApplication

Host: Intel(R) Core(TM) i5-1035G1 CPU @ 1.00GHz, 8 cores, 7G,  Windows 11 , 64 bit Build 26100 (10.0.26100.9278)
Time: Wed Sep 16 12:36:38 2026 India Standard Time elapsed time: 8.051596 seconds (0d 0h 0m 8s)

---------------  T H R E A D  ---------------

Current thread (0x000001a9803ad800):  JavaThread "main"             [_thread_in_vm, id=30004, stack(0x00000010be800000,0x00000010be900000) (1024K)]

Stack: [0x00000010be800000,0x00000010be900000]
Native frames: (J=compiled Java code, j=interpreted, Vv=VM code, C=native code)
V  [jvm.dll+0x6cbf89]
V  [jvm.dll+0x858421]
V  [jvm.dll+0x85a94e]
V  [jvm.dll+0x85b023]
V  [jvm.dll+0x27ebc6]
V  [jvm.dll+0x85403e]
V  [jvm.dll+0x66fcf5]
V  [jvm.dll+0x1e4c4c]
V  [jvm.dll+0x1e4a1e]
V  [jvm.dll+0x672623]
V  [jvm.dll+0x672442]
V  [jvm.dll+0x6706ce]
V  [jvm.dll+0x26901f]
V  [jvm.dll+0x67aa45]
V  [jvm.dll+0x2159b1]
V  [jvm.dll+0x215e3a]
V  [jvm.dll+0x216861]
V  [jvm.dll+0x20bcfe]
V  [jvm.dll+0x5aec2c]
V  [jvm.dll+0x7d2486]
V  [jvm.dll+0x4725b6]
V  [jvm.dll+0x478438]
C  [java.dll+0x17ec]

Java frames: (J=compiled Java code, j=interpreted, Vv=VM code)
J 591  java.lang.ClassLoader.defineClass1(Ljava/lang/ClassLoader;Ljava/lang/String;[BIILjava/security/ProtectionDomain;Ljava/lang/String;)Ljava/lang/Class; java.base@21.0.9 (0 bytes) @ 0x000001a98ad0b711 [0x000001a98ad0b640+0x00000000000000d1]
J 963 c1 java.lang.ClassLoader.defineClass(Ljava/lang/String;[BIILjava/security/ProtectionDomain;)Ljava/lang/Class; java.base@21.0.9 (43 bytes) @ 0x000001a98ada76fc [0x000001a98ada75e0+0x000000000000011c]
J 818 c1 jdk.internal.loader.BuiltinClassLoader.defineClass(Ljava/lang/String;Ljdk/internal/loader/Resource;)Ljava/lang/Class; java.base@21.0.9 (121 bytes) @ 0x000001a98ad72d94 [0x000001a98ad72840+0x0000000000000554]
J 814 c1 jdk.internal.loader.BuiltinClassLoader.findClassOnClassPathOrNull(Ljava/lang/String;)Ljava/lang/Class; java.base@21.0.9 (64 bytes) @ 0x000001a98ad71334 [0x000001a98ad71060+0x00000000000002d4]
J 438 c1 jdk.internal.loader.BuiltinClassLoader.loadClassOrNull(Ljava/lang/String;Z)Ljava/lang/Class; java.base@21.0.9 (143 bytes) @ 0x000001a98accf87c [0x000001a98accf480+0x00000000000003fc]
J 675 c1 jdk.internal.loader.ClassLoaders$AppClassLoader.loadClass(Ljava/lang/String;Z)Ljava/lang/Class; java.base@21.0.9 (40 bytes) @ 0x000001a98ad31d0c [0x000001a98ad31cc0+0x000000000000004c]
J 674 c1 java.lang.ClassLoader.loadClass(Ljava/lang/String;)Ljava/lang/Class; java.base@21.0.9 (7 bytes) @ 0x000001a98ad31994 [0x000001a98ad31940+0x0000000000000054]
v  ~StubRoutines::call_stub 0x000001a98aaf10e7
j  org.springframework.web.servlet.mvc.method.RequestMappingInfo.<clinit>()V+66
v  ~StubRoutines::call_stub 0x000001a98aaf10e7
j  org.springframework.web.servlet.mvc.method.annotation.RequestMappingHandlerMapping.createRequestMappingInfo(Lorg/springframework/web/bind/annotation/RequestMapping;Lorg/springframework/web/servlet/mvc/condition/RequestCondition;)Lorg/springframework/web/servlet/mvc/method/RequestMappingInfo;+10
j  org.springframework.web.servlet.mvc.method.annotation.RequestMappingHandlerMapping.createRequestMappingInfo(Ljava/lang/reflect/AnnotatedElement;)Lorg/springframework/web/servlet/mvc/method/RequestMappingInfo;+143
j  org.springframework.web.servlet.mvc.method.annotation.RequestMappingHandlerMapping.getMappingForMethod(Ljava/lang/reflect/Method;Ljava/lang/Class;)Lorg/springframework/web/servlet/mvc/method/RequestMappingInfo;+2
j  org.springframework.web.servlet.mvc.method.annotation.RequestMappingHandlerMapping.getMappingForMethod(Ljava/lang/reflect/Method;Ljava/lang/Class;)Ljava/lang/Object;+3
j  org.springframework.web.servlet.handler.AbstractHandlerMethodMapping.lambda$detectHandlerMethods$1(Ljava/lang/Class;Ljava/lang/reflect/Method;)Ljava/lang/Object;+3
j  org.springframework.web.servlet.handler.AbstractHandlerMethodMapping$$Lambda+0x000001a994875f70.inspect(Ljava/lang/reflect/Method;)Ljava/lang/Object;+9
j  org.springframework.core.MethodIntrospector.lambda$selectMethods$0(Ljava/lang/Class;Lorg/springframework/core/MethodIntrospector$MetadataLookup;Ljava/util/Map;Ljava/lang/reflect/Method;)V+10
J 3711 c1 org.springframework.core.MethodIntrospector$$Lambda+0x000001a99432ce48.doWith(Ljava/lang/reflect/Method;)V (17 bytes) @ 0x000001a98b1f209c [0x000001a98b1f2040+0x000000000000005c]
J 3549 c1 org.springframework.util.ReflectionUtils.doWithMethods(Ljava/lang/Class;Lorg/springframework/util/ReflectionUtils$MethodCallback;Lorg/springframework/util/ReflectionUtils$MethodFilter;)V (186 bytes) @ 0x000001a98b1b31e4 [0x000001a98b1b30e0+0x0000000000000104]
j  org.springframework.core.MethodIntrospector.selectMethods(Ljava/lang/Class;Lorg/springframework/core/MethodIntrospector$MetadataLookup;)Ljava/util/Map;+110
j  org.springframework.web.servlet.handler.AbstractHandlerMethodMapping.detectHandlerMethods(Ljava/lang/Object;)V+47
j  org.springframework.web.servlet.handler.AbstractHandlerMethodMapping.processCandidateBean(Ljava/lang/String;)V+59
j  org.springframework.web.servlet.handler.AbstractHandlerMethodMapping.initHandlerMethods()V+33
j  org.springframework.web.servlet.handler.AbstractHandlerMethodMapping.afterPropertiesSet()V+1
j  org.springframework.web.servlet.mvc.method.annotation.RequestMappingHandlerMapping.afterPropertiesSet()V+145
j  org.springframework.beans.factory.support.AbstractAutowireCapableBeanFactory.invokeInitMethods(Ljava/lang/String;Ljava/lang/Object;Lorg/springframework/beans/factory/support/RootBeanDefinition;)V+56
j  org.springframework.beans.factory.support.AbstractAutowireCapableBeanFactory.initializeBean(Ljava/lang/String;Ljava/lang/Object;Lorg/springframework/beans/factory/support/RootBeanDefinition;)Ljava/lang/Object;+34
j  org.springframework.beans.factory.support.AbstractAutowireCapableBeanFactory.doCreateBean(Ljava/lang/String;Lorg/springframework/beans/factory/support/RootBeanDefinition;[Ljava/lang/Object;)Ljava/lang/Object;+228
j  org.springframework.beans.factory.support.AbstractAutowireCapableBeanFactory.createBean(Ljava/lang/String;Lorg/springframework/beans/factory/support/RootBeanDefinition;[Ljava/lang/Object;)Ljava/lang/Object;+153
j  org.springframework.beans.factory.support.AbstractBeanFactory.lambda$doGetBean$0(Ljava/lang/String;Lorg/springframework/beans/factory/support/RootBeanDefinition;[Ljava/lang/Object;)Ljava/lang/Object;+4
j  org.springframework.beans.factory.support.AbstractBeanFactory$$Lambda+0x000001a9941e6e20.getObject()Ljava/lang/Object;+16
j  org.springframework.beans.factory.support.DefaultSingletonBeanRegistry.getSingleton(Ljava/lang/String;Lorg/springframework/beans/factory/ObjectFactory;)Ljava/lang/Object;+336
J 2594 c1 org.springframework.beans.factory.support.AbstractBeanFactory.doGetBean(Ljava/lang/String;Ljava/lang/Class;[Ljava/lang/Object;Z)Ljava/lang/Object; (787 bytes) @ 0x000001a98b03a1ac [0x000001a98b039b60+0x000000000000064c]
j  org.springframework.beans.factory.support.AbstractBeanFactory.getBean(Ljava/lang/String;)Ljava/lang/Object;+5
j  org.springframework.beans.factory.support.DefaultListableBeanFactory.getBeansOfType(Ljava/lang/Class;ZZ)Ljava/util/Map;+46
j  org.springframework.context.support.AbstractApplicationContext.getBeansOfType(Ljava/lang/Class;ZZ)Ljava/util/Map;+11
j  org.springframework.beans.factory.BeanFactoryUtils.beansOfTypeIncludingAncestors(Lorg/springframework/beans/factory/ListableBeanFactory;Ljava/lang/Class;ZZ)Ljava/util/Map;+22
j  org.springframework.web.servlet.handler.HandlerMappingIntrospector.initHandlerMappings(Lorg/springframework/context/ApplicationContext;)Ljava/util/List;+5
j  org.springframework.web.servlet.handler.HandlerMappingIntrospector.afterPropertiesSet()V+21
j  org.springframework.beans.factory.support.AbstractAutowireCapableBeanFactory.invokeInitMethods(Ljava/lang/String;Ljava/lang/Object;Lorg/springframework/beans/factory/support/RootBeanDefinition;)V+56
j  org.springframework.beans.factory.support.AbstractAutowireCapableBeanFactory.initializeBean(Ljava/lang/String;Ljava/lang/Object;Lorg/springframework/beans/factory/support/RootBeanDefinition;)Ljava/lang/Object;+34
j  org.springframework.beans.factory.support.AbstractAutowireCapableBeanFactory.doCreateBean(Ljava/lang/String;Lorg/springframework/beans/factory/support/RootBeanDefinition;[Ljava/lang/Object;)Ljava/lang/Object;+228
j  org.springframework.beans.factory.support.AbstractAutowireCapableBeanFactory.createBean(Ljava/lang/String;Lorg/springframework/beans/factory/support/RootBeanDefinition;[Ljava/lang/Object;)Ljava/lang/Object;+153
j  org.springframework.beans.factory.support.AbstractBeanFactory.lambda$doGetBean$0(Ljava/lang/String;Lorg/springframework/beans/factory/support/RootBeanDefinition;[Ljava/lang/Object;)Ljava/lang/Object;+4
j  org.springframework.beans.factory.support.AbstractBeanFactory$$Lambda+0x000001a9941e6e20.getObject()Ljava/lang/Object;+16
j  org.springframework.beans.factory.support.DefaultSingletonBeanRegistry.getSingleton(Ljava/lang/String;Lorg/springframework/beans/factory/ObjectFactory;)Ljava/lang/Object;+336
J 2594 c1 org.springframework.beans.factory.support.AbstractBeanFactory.doGetBean(Ljava/lang/String;Ljava/lang/Class;[Ljava/lang/Object;Z)Ljava/lang/Object; (787 bytes) @ 0x000001a98b03a1ac [0x000001a98b039b60+0x000000000000064c]
j  org.springframework.beans.factory.support.AbstractBeanFactory.getBean(Ljava/lang/String;)Ljava/lang/Object;+5
j  org.springframework.beans.factory.support.BeanDefinitionValueResolver.resolveReference(Ljava/lang/Object;Lorg/springframework/beans/factory/config/RuntimeBeanReference;)Ljava/lang/Object;+145
j  org.springframework.beans.factory.support.BeanDefinitionValueResolver.resolveValueIfNecessary(Ljava/lang/Object;Ljava/lang/Object;)Ljava/lang/Object;+15
j  org.springframework.beans.factory.support.ConstructorResolver.resolveConstructorArguments(Ljava/lang/String;Lorg/springframework/beans/factory/support/RootBeanDefinition;Lorg/springframework/beans/BeanWrapper;Lorg/springframework/beans/factory/config/ConstructorArgumentValues;Lorg/springframework/beans/factory/config/ConstructorArgumentValues;)I+182
j  org.springframework.beans.factory.support.ConstructorResolver.autowireConstructor(Ljava/lang/String;Lorg/springframework/beans/factory/support/RootBeanDefinition;[Ljava/lang/reflect/Constructor;[Ljava/lang/Object;)Lorg/springframework/beans/BeanWrapper;+353
j  org.springframework.beans.factory.support.AbstractAutowireCapableBeanFactory.autowireConstructor(Ljava/lang/String;Lorg/springframework/beans/factory/support/RootBeanDefinition;[Ljava/lang/reflect/Constructor;[Ljava/lang/Object;)Lorg/springframework/beans/BeanWrapper;+13
j  org.springframework.beans.factory.support.AbstractAutowireCapableBeanFactory.createBeanInstance(Ljava/lang/String;Lorg/springframework/beans/factory/support/RootBeanDefinition;[Ljava/lang/Object;)Lorg/springframework/beans/BeanWrapper;+213
j  org.springframework.beans.factory.support.AbstractAutowireCapableBeanFactory.doCreateBean(Ljava/lang/String;Lorg/springframework/beans/factory/support/RootBeanDefinition;[Ljava/lang/Object;)Ljava/lang/Object;+34
j  org.springframework.beans.factory.support.AbstractAutowireCapableBeanFactory.createBean(Ljava/lang/String;Lorg/springframework/beans/factory/support/RootBeanDefinition;[Ljava/lang/Object;)Ljava/lang/Object;+153
j  org.springframework.beans.factory.support.AbstractBeanFactory.lambda$doGetBean$0(Ljava/lang/String;Lorg/springframework/beans/factory/support/RootBeanDefinition;[Ljava/lang/Object;)Ljava/lang/Object;+4
j  org.springframework.beans.factory.support.AbstractBeanFactory$$Lambda+0x000001a9941e6e20.getObject()Ljava/lang/Object;+16
j  org.springframework.beans.factory.support.DefaultSingletonBeanRegistry.getSingleton(Ljava/lang/String;Lorg/springframework/beans/factory/ObjectFactory;)Ljava/lang/Object;+336
J 2594 c1 org.springframework.beans.factory.support.AbstractBeanFactory.doGetBean(Ljava/lang/String;Ljava/lang/Class;[Ljava/lang/Object;Z)Ljava/lang/Object; (787 bytes) @ 0x000001a98b03a1ac [0x000001a98b039b60+0x000000000000064c]
j  org.springframework.beans.factory.support.AbstractBeanFactory.getBean(Ljava/lang/String;Ljava/lang/Class;[Ljava/lang/Object;)Ljava/lang/Object;+5
j  org.springframework.beans.factory.support.DefaultListableBeanFactory.resolveNamedBean(Ljava/lang/String;Lorg/springframework/core/ResolvableType;[Ljava/lang/Object;)Lorg/springframework/beans/factory/config/NamedBeanHolder;+4
j  org.springframework.beans.factory.support.DefaultListableBeanFactory.resolveNamedBean(Lorg/springframework/core/ResolvableType;[Ljava/lang/Object;Z)Lorg/springframework/beans/factory/config/NamedBeanHolder;+128
j  org.springframework.beans.factory.support.DefaultListableBeanFactory.resolveBean(Lorg/springframework/core/ResolvableType;[Ljava/lang/Object;Z)Ljava/lang/Object;+4
j  org.springframework.beans.factory.support.DefaultListableBeanFactory$1.getIfUnique()Ljava/lang/Object;+10
j  org.springframework.security.config.annotation.web.builders.WebSecurity.setApplicationContext(Lorg/springframework/context/ApplicationContext;)V+181
j  org.springframework.context.support.ApplicationContextAwareProcessor.invokeAwareInterfaces(Ljava/lang/Object;)V+159
j  org.springframework.context.support.ApplicationContextAwareProcessor.postProcessBeforeInitialization(Ljava/lang/Object;Ljava/lang/String;)Ljava/lang/Object;+9
J 6147 c1 org.springframework.beans.factory.support.AbstractAutowireCapableBeanFactory.applyBeanPostProcessorsBeforeInitialization(Ljava/lang/Object;Ljava/lang/String;)Ljava/lang/Object; (61 bytes) @ 0x000001a98b574b04 [0x000001a98b574a00+0x0000000000000104]
j  org.springframework.beans.factory.support.AbstractAutowireCapableBeanFactory.initializeBean(Ljava/lang/String;Ljava/lang/Object;Lorg/springframework/beans/factory/support/RootBeanDefinition;)Ljava/lang/Object;+24
j  org.springframework.beans.factory.support.AbstractAutowireCapableBeanFactory.initializeBean(Ljava/lang/Object;Ljava/lang/String;)Ljava/lang/Object;+4
j  org.springframework.security.config.annotation.configuration.AutowireBeanFactoryObjectPostProcessor.initializeBeanIfNeeded(Ljava/lang/Object;)Ljava/lang/Object;+22
j  org.springframework.security.config.annotation.configuration.AutowireBeanFactoryObjectPostProcessor.postProcess(Ljava/lang/Object;)Ljava/lang/Object;+10
j  org.springframework.security.config.annotation.web.configuration.WebSecurityConfiguration.setFilterChainProxySecurityConfigurer(Lorg/springframework/security/config/ObjectPostProcessor;Lorg/springframework/beans/factory/config/ConfigurableListableBeanFactory;)V+10
j  java.lang.invoke.LambdaForm$DMH+0x000001a994122400.invokeVirtual(Ljava/lang/Object;Ljava/lang/Object;Ljava/lang/Object;Ljava/lang/Object;)V+14 java.base@21.0.9
j  java.lang.invoke.LambdaForm$MH+0x000001a994864c00.invoke(Ljava/lang/Object;Ljava/lang/Object;Ljava/lang/Object;Ljava/lang/Object;)Ljava/lang/Object;+73 java.base@21.0.9
J 3931 c1 jdk.internal.reflect.DirectMethodHandleAccessor.invoke(Ljava/lang/Object;[Ljava/lang/Object;)Ljava/lang/Object; java.base@21.0.9 (92 bytes) @ 0x000001a98b251ec4 [0x000001a98b251b20+0x00000000000003a4]
J 3948 c1 java.lang.reflect.Method.invoke(Ljava/lang/Object;[Ljava/lang/Object;)Ljava/lang/Object; java.base@21.0.9 (108 bytes) @ 0x000001a98b259254 [0x000001a98b259080+0x00000000000001d4]
j  org.springframework.beans.factory.annotation.AutowiredAnnotationBeanPostProcessor$AutowiredMethodElement.inject(Ljava/lang/Object;Ljava/lang/String;Lorg/springframework/beans/PropertyValues;)V+100
J 5865 c1 org.springframework.beans.factory.annotation.InjectionMetadata.inject(Ljava/lang/Object;Ljava/lang/String;Lorg/springframework/beans/PropertyValues;)V (75 bytes) @ 0x000001a98b50ac24 [0x000001a98b50ab00+0x0000000000000124]
j  org.springframework.beans.factory.annotation.AutowiredAnnotationBeanPostProcessor.postProcessProperties(Lorg/springframework/beans/PropertyValues;Ljava/lang/Object;Ljava/lang/String;)Lorg/springframework/beans/PropertyValues;+17
j  org.springframework.beans.factory.support.AbstractAutowireCapableBeanFactory.populateBean(Ljava/lang/String;Lorg/springframework/beans/factory/support/RootBeanDefinition;Lorg/springframework/beans/BeanWrapper;)V+280
j  org.springframework.beans.factory.support.AbstractAutowireCapableBeanFactory.doCreateBean(Ljava/lang/String;Lorg/springframework/beans/factory/support/RootBeanDefinition;[Ljava/lang/Object;)Ljava/lang/Object;+220
j  org.springframework.beans.factory.support.AbstractAutowireCapableBeanFactory.createBean(Ljava/lang/String;Lorg/springframework/beans/factory/support/RootBeanDefinition;[Ljava/lang/Object;)Ljava/lang/Object;+153
j  org.springframework.beans.factory.support.AbstractBeanFactory.lambda$doGetBean$0(Ljava/lang/String;Lorg/springframework/beans/factory/support/RootBeanDefinition;[Ljava/lang/Object;)Ljava/lang/Object;+4
j  org.springframework.beans.factory.support.AbstractBeanFactory$$Lambda+0x000001a9941e6e20.getObject()Ljava/lang/Object;+16
j  org.springframework.beans.factory.support.DefaultSingletonBeanRegistry.getSingleton(Ljava/lang/String;Lorg/springframework/beans/factory/ObjectFactory;)Ljava/lang/Object;+336
J 2594 c1 org.springframework.beans.factory.support.AbstractBeanFactory.doGetBean(Ljava/lang/String;Ljava/lang/Class;[Ljava/lang/Object;Z)Ljava/lang/Object; (787 bytes) @ 0x000001a98b03a1ac [0x000001a98b039b60+0x000000000000064c]
j  org.springframework.beans.factory.support.AbstractBeanFactory.getBean(Ljava/lang/String;)Ljava/lang/Object;+5
j  org.springframework.beans.factory.support.DefaultListableBeanFactory.instantiateSingleton(Ljava/lang/String;)V+51
j  org.springframework.beans.factory.support.DefaultListableBeanFactory.preInstantiateSingleton(Ljava/lang/String;Lorg/springframework/beans/factory/support/RootBeanDefinition;)Ljava/util/concurrent/CompletableFuture;+141
j  org.springframework.beans.factory.support.DefaultListableBeanFactory.preInstantiateSingletons()V+118
j  org.springframework.context.support.AbstractApplicationContext.finishBeanFactoryInitialization(Lorg/springframework/beans/factory/config/ConfigurableListableBeanFactory;)V+284
j  org.springframework.context.support.AbstractApplicationContext.refresh()V+94
j  org.springframework.boot.web.servlet.context.ServletWebServerApplicationContext.refresh()V+1
j  org.springframework.boot.SpringApplication.refresh(Lorg/springframework/context/ConfigurableApplicationContext;)V+1
j  org.springframework.boot.SpringApplication.refreshContext(Lorg/springframework/context/ConfigurableApplicationContext;)V+19
j  org.springframework.boot.SpringApplication.run([Ljava/lang/String;)Lorg/springframework/context/ConfigurableApplicationContext;+113
j  org.springframework.boot.SpringApplication.run([Ljava/lang/Class;[Ljava/lang/String;)Lorg/springframework/context/ConfigurableApplicationContext;+9
j  org.springframework.boot.SpringApplication.run(Ljava/lang/Class;[Ljava/lang/String;)Lorg/springframework/context/ConfigurableApplicationContext;+9
j  com.spdpboss.spdpboss.SpdpbossApplication.main([Ljava/lang/String;)V+3
v  ~StubRoutines::call_stub 0x000001a98aaf10e7

Compiled method (n/a)    8124  591     n 0       java.lang.ClassLoader::defineClass1 (native)
 total in heap  [0x000001a98ad0b490,0x000001a98ad0bbf0] = 1888
 relocation     [0x000001a98ad0b5f0,0x000001a98ad0b630] = 64
 main code      [0x000001a98ad0b640,0x000001a98ad0bbef] = 1455
 stub code      [0x000001a98ad0bbef,0x000001a98ad0bbf0] = 1

[Constant Pool (empty)]

[MachCode]
[Entry Point]
  # {method} {0x000001a99343a5f0} 'defineClass1' '(Ljava/lang/ClassLoader;Ljava/lang/String;[BIILjava/security/ProtectionDomain;Ljava/lang/String;)Ljava/lang/Class;' in 'java/lang/ClassLoader'
  # parm0:    rdx:rdx   = 'java/lang/ClassLoader'
  # parm1:    r8:r8     = 'java/lang/String'
  # parm2:    r9:r9     = '[B'
  # parm3:    rdi       = int
  # parm4:    rsi       = int
  # parm5:    rcx:rcx   = 'java/security/ProtectionDomain'
  # parm6:    [sp+0xa0]   = 'java/lang/String'  (sp of caller)
  0x000001a98ad0b640: 448b 5208 | 49bb 0000 | 0093 a901 | 0000 4d03 | d349 3bc2 | 0f84 0600 

  0x000001a98ad0b658: ;   {runtime_call ic_miss_stub}
  0x000001a98ad0b658: 0000 e921 | 33e3 ff90 
[Verified Entry Point]
  0x000001a98ad0b660: 8984 2400 | 80ff ff55 | 488b ec48 | 81ec 9000 | 0000 6690 | 4181 7f20 | 0500 0000 

  0x000001a98ad0b67c: ;   {runtime_call StubRoutines (final stubs)}
  0x000001a98ad0b67c: 7405 e8fd | a6e1 ff48 | 837d 1000 | 488d 4510 | 480f 4445 | 1048 8944 | 2440 4889 | 4c24 7048 
  0x000001a98ad0b69c: 83f9 0048 | 8d44 2470 | 480f 4444 | 2470 4889 | 4424 3848 | 8974 2430 | 4889 7c24 | 284c 894c 
  0x000001a98ad0b6bc: 2458 4983 | f900 488d | 4424 5848 | 0f44 4424 | 5848 8944 | 2420 4c89 | 4424 5049 | 83f8 004c 
  0x000001a98ad0b6dc: 8d4c 2450 | 4c0f 444c | 2450 4889 | 5424 4848 | 83fa 004c | 8d44 2448 | 4c0f 4444 

  0x000001a98ad0b6f8: ;   {oop(a 'java/lang/Class'{0x0000000083f0f8c8} = 'java/lang/ClassLoader')}
  0x000001a98ad0b6f8: 2448 49be | c8f8 f083 | 0000 0000 | 4c89 7424 | 784c 8d74 | 2478 498b | d6c5 f877 

  0x000001a98ad0b714: ;   {internal_word}
  0x000001a98ad0b714: 49ba 11b7 | d08a a901 | 0000 4d89 | 97a8 0300 | 0049 89a7 | a003 0000 

  0x000001a98ad0b72c: ;   {external_word}
  0x000001a98ad0b72c: 49ba c087 | f36d fa7f | 0000 4180 | 3a00 0f84 | 4e00 0000 | 5241 5041 

  0x000001a98ad0b744: ;   {metadata({method} {0x000001a99343a5f0} 'defineClass1' '(Ljava/lang/ClassLoader;Ljava/lang/String;[BIILjava/security/ProtectionDomain;Ljava/lang/String;)Ljava/lang/Class;' in 'java/lang/ClassLoader')}
  0x000001a98ad0b744: 5148 bae8 | a543 93a9 | 0100 0049 | 8bcf 4883 | ec20 40f6 | c40f 0f84 | 1900 0000 | 4883 ec08 
  0x000001a98ad0b764: ;   {runtime_call}
  0x000001a98ad0b764: 48b8 901e | a46d fa7f | 0000 ffd0 | 4883 c408 | e90c 0000 

  0x000001a98ad0b778: ;   {runtime_call}
  0x000001a98ad0b778: 0048 b890 | 1ea4 6dfa | 7f00 00ff | d048 83c4 | 2041 5941 | 585a 498d | 8fc0 0300 | 0041 c787 
  0x000001a98ad0b798: 4c04 0000 | 0400 0000 

  0x000001a98ad0b7a0: ;   {runtime_call}
  0x000001a98ad0b7a0: 48b8 ac16 | 07f2 fa7f | 0000 ffd0 | c5f8 7741 | c787 4c04 | 0000 0500 | 0000 f083 | 4424 c000 
  0x000001a98ad0b7c0: 493b af50 | 0400 000f | 870e 0000 | 0041 83bf | 4804 0000 | 000f 842b | 0000 00c5 | f877 4889 
  0x000001a98ad0b7e0: 45f8 498b | cf4c 8be4 | 4883 ec20 | 4883 e4f0 

  0x000001a98ad0b7f0: ;   {runtime_call}
  0x000001a98ad0b7f0: 48b8 60cb | 6f6d fa7f | 0000 ffd0 | 498b e44d | 33e4 488b | 45f8 41c7 | 874c 0400 | 0008 0000 
  0x000001a98ad0b810: 0041 83bf | c804 0000 | 020f 84a3 

  0x000001a98ad0b81c: ;   {external_word}
  0x000001a98ad0b81c: 0300 0049 | bac0 87f3 | 6dfa 7f00 | 0041 803a | 000f 844c | 0000 0048 

  0x000001a98ad0b834: ;   {metadata({method} {0x000001a99343a5f0} 'defineClass1' '(Ljava/lang/ClassLoader;Ljava/lang/String;[BIILjava/security/ProtectionDomain;Ljava/lang/String;)Ljava/lang/Class;' in 'java/lang/ClassLoader')}
  0x000001a98ad0b834: 8945 f848 | bae8 a543 | 93a9 0100 | 0049 8bcf | 4883 ec20 | 40f6 c40f | 0f84 1900 | 0000 4883 
  0x000001a98ad0b854: ;   {runtime_call}
  0x000001a98ad0b854: ec08 48b8 | 901e a46d | fa7f 0000 | ffd0 4883 | c408 e90c 

  0x000001a98ad0b868: ;   {runtime_call}
  0x000001a98ad0b868: 0000 0048 | b890 1ea4 | 6dfa 7f00 | 00ff d048 | 83c4 2048 | 8b45 f849 | c787 a003 | 0000 0000 
  0x000001a98ad0b888: 0000 49c7 | 87a8 0300 | 0000 0000 | 00c5 f877 | 4885 c00f | 84fe 0200 | 00a8 030f | 8508 0000 
  0x000001a98ad0b8a8: 0048 8b00 | e9ee 0200 | 00a8 010f | 8509 0000 | 0048 8b40 | fee9 dd02 | 0000 488b | 40ff 4180 
  0x000001a98ad0b8c8: 7f40 000f | 84ce 0200 | 0048 83f8 | 000f 84c4 | 0200 0049 | 8b4f 2848 | 83f9 000f | 8414 0000 
  0x000001a98ad0b8e8: 0048 83e9 | 0849 894f | 2849 034f | 3848 8901 | e9a2 0200 | 0048 81ec | 5001 0000 | 4889 0424 
  0x000001a98ad0b908: 4889 4c24 | 0848 8954 | 2410 4889 | 7424 1848 | 897c 2420 | 4c89 4424 | 284c 894c | 2430 4c89 
  0x000001a98ad0b928: 5424 384c | 895c 2440 | c5fb 1144 | 2450 c5fb | 114c 2458 | c5fb 1154 | 2460 c5fb | 115c 2468 
  0x000001a98ad0b948: c5fb 1164 | 2470 c5fb | 116c 2478 | c5fb 11b4 | 2480 0000 | 00c5 fb11 | bc24 8800 | 0000 c57b 
  0x000001a98ad0b968: ;   {no_reloc}
  0x000001a98ad0b968: 1184 2490 | 0000 00c5 | 7b11 8c24 | 9800 0000 | c57b 1194 | 24a0 0000 | 00c5 7b11 | 9c24 a800 
  0x000001a98ad0b988: 0000 c57b | 11a4 24b0 | 0000 00c5 | 7b11 ac24 | b800 0000 | c57b 11b4 | 24c0 0000 | 00c5 7b11 
  0x000001a98ad0b9a8: bc24 c800 | 0000 62e1 | ff08 1144 | 241a 62e1 | ff08 114c | 241b 62e1 | ff08 1154 | 241c 62e1 
  0x000001a98ad0b9c8: ff08 115c | 241d 62e1 | ff08 1164 | 241e 62e1 | ff08 116c | 241f 62e1 | ff08 1174 | 2420 62e1 
  0x000001a98ad0b9e8: ff08 117c | 2421 6261 | ff08 1144 | 2422 6261 | ff08 114c | 2423 6261 | ff08 1154 | 2424 6261 
  0x000001a98ad0ba08: ff08 115c | 2425 6261 | ff08 1164 | 2426 6261 | ff08 116c | 2427 6261 | ff08 1174 | 2428 6261 
  0x000001a98ad0ba28: ff08 117c | 2429 498b | d748 8bc8 | 4883 ec20 | 40f6 c40f | 0f84 1900 | 0000 4883 

  0x000001a98ad0ba44: ;   {runtime_call}
  0x000001a98ad0ba44: ec08 48b8 | d001 636d | fa7f 0000 | ffd0 4883 | c408 e90c 

  0x000001a98ad0ba58: ;   {runtime_call}
  0x000001a98ad0ba58: 0000 0048 | b8d0 0163 | 6dfa 7f00 | 00ff d048 | 83c4 2062 | 61ff 0810 | 7c24 2962 | 61ff 0810 
  0x000001a98ad0ba78: 7424 2862 | 61ff 0810 | 6c24 2762 | 61ff 0810 | 6424 2662 | 61ff 0810 | 5c24 2562 | 61ff 0810 
  0x000001a98ad0ba98: 5424 2462 | 61ff 0810 | 4c24 2362 | 61ff 0810 | 4424 2262 | e1ff 0810 | 7c24 2162 | e1ff 0810 
  0x000001a98ad0bab8: 7424 2062 | e1ff 0810 | 6c24 1f62 | e1ff 0810 | 6424 1e62 | e1ff 0810 | 5c24 1d62 | e1ff 0810 
  0x000001a98ad0bad8: 5424 1c62 | e1ff 0810 | 4c24 1b62 | e1ff 0810 | 4424 1ac5 | 7b10 bc24 | c800 0000 | c57b 10b4 
  0x000001a98ad0baf8: 24c0 0000 | 00c5 7b10 | ac24 b800 | 0000 c57b | 10a4 24b0 | 0000 00c5 | 7b10 9c24 | a800 0000 
  0x000001a98ad0bb18: c57b 1094 | 24a0 0000 | 00c5 7b10 | 8c24 9800 | 0000 c57b | 1084 2490 | 0000 00c5 | fb10 bc24 
  0x000001a98ad0bb38: 8800 0000 | c5fb 10b4 | 2480 0000 | 00c5 fb10 | 6c24 78c5 | fb10 6424 | 70c5 fb10 | 5c24 68c5 
  0x000001a98ad0bb58: ;   {no_reloc}
  0x000001a98ad0bb58: fb10 5424 | 60c5 fb10 | 4c24 58c5 | fb10 4424 | 504c 8b5c | 2440 4c8b | 5424 384c | 8b4c 2430 
  0x000001a98ad0bb78: 4c8b 4424 | 2848 8b7c | 2420 488b | 7424 1848 | 8b54 2410 | 488b 4c24 | 0848 8b04 | 2448 81c4 
  0x000001a98ad0bb98: 5001 0000 | c5f8 7749 | 8b8f 3004 | 0000 c781 | 0001 0000 | 0000 0000 | c949 837f | 0800 0f85 
  0x000001a98ad0bbb8: 0100 0000 

  0x000001a98ad0bbbc: ;   {runtime_call StubRoutines (initial stubs)}
  0x000001a98ad0bbbc: c3e9 3e53 | deff c5f8 | 7748 8945 | f84c 8be4 | 4883 ec20 | 4883 e4f0 

  0x000001a98ad0bbd4: ;   {runtime_call}
  0x000001a98ad0bbd4: 48b8 4056 | a46d fa7f | 0000 ffd0 | 498b e44d | 33e4 488b | 45f8 e930 | fcff fff4 
[/MachCode]


Compiled method (c1)    8134  963       1       java.lang.ClassLoader::defineClass (43 bytes)
 total in heap  [0x000001a98ada7410,0x000001a98ada79d0] = 1472
 relocation     [0x000001a98ada7570,0x000001a98ada75e0] = 112
 main code      [0x000001a98ada75e0,0x000001a98ada77a0] = 448
 stub code      [0x000001a98ada77a0,0x000001a98ada7818] = 120
 metadata       [0x000001a98ada7818,0x000001a98ada7848] = 48
 scopes data    [0x000001a98ada7848,0x000001a98ada7900] = 184
 scopes pcs     [0x000001a98ada7900,0x000001a98ada79a0] = 160
 dependencies   [0x000001a98ada79a0,0x000001a98ada79a8] = 8
 nul chk table  [0x000001a98ada79a8,0x000001a98ada79d0] = 40

[Constant Pool (empty)]

[MachCode]
[Entry Point]
  # {method} {0x000001a99343a970} 'defineClass' '(Ljava/lang/String;[BIILjava/security/ProtectionDomain;)Ljava/lang/Class;' in 'java/lang/ClassLoader'
  # this:     rdx:rdx   = 'java/lang/ClassLoader'
  # parm0:    r8:r8     = 'java/lang/String'
  # parm1:    r9:r9     = '[B'
  # parm2:    rdi       = int
  # parm3:    rsi       = int
  # parm4:    rcx:rcx   = 'java/security/ProtectionDomain'
  #           [sp+0xc0]  (sp of caller)
  0x000001a98ada75e0: 448b 5208 | 49bb 0000 | 0093 a901 | 0000 4d03 | d34c 3bd0 

  0x000001a98ada75f4: ;   {runtime_call ic_miss_stub}
  0x000001a98ada75f4: 0f85 8673 | d9ff 660f | 1f44 0000 
[Verified Entry Point]
  0x000001a98ada7600: 8984 2400 | 80ff ff55 | 4881 ecb0 | 0000 0090 | 4181 7f20 | 0500 0000 

  0x000001a98ada7618: ;   {runtime_call StubRoutines (final stubs)}
  0x000001a98ada7618: 7405 e861 | e7d7 ff48 | 8954 2478 | 89b4 2494 | 0000 0089 | bc24 9000 | 0000 4c89 | 8c24 8800 
  0x000001a98ada7638: 0000 498b | d84c 8bc3 | 4c8b c948 | 8bca 488b | d148 899c | 2480 0000 | 0066 0f1f 

  0x000001a98ada7654: ;   {optimized virtual_call}
  0x000001a98ada7654: 4400 00e8 

  0x000001a98ada7658: ; ImmutableOopMap {[120]=Oop [128]=Oop [136]=Oop }
                      ;*invokevirtual preDefineClass {reexecute=0 rethrow=0 return_oop=0}
                      ; - java.lang.ClassLoader::defineClass@4 (line 1025)
  0x000001a98ada7658: e40d 0000 

  0x000001a98ada765c: ;   {other}
  0x000001a98ada765c: 0f1f 8400 | 4c02 0000 | 4889 8424 | 9800 0000 

  0x000001a98ada766c: ; implicit exception: dispatches to 0x000001a98ada774a
  0x000001a98ada766c: 448b 4010 | 4d85 c00f | 850f 0000 

  0x000001a98ada7678: ;   {oop(nullptr)}
  0x000001a98ada7678: 0048 bb00 | 0000 0000 | 0000 00e9 | 3f00 0000 

  0x000001a98ada7688: ; implicit exception: dispatches to 0x000001a98ada774f
  0x000001a98ada7688: 458b 400c | 4d85 c00f | 850f 0000 

  0x000001a98ada7694: ;   {oop(nullptr)}
  0x000001a98ada7694: 0048 bb00 | 0000 0000 | 0000 00e9 | 2300 0000 

  0x000001a98ada76a4: ; implicit exception: dispatches to 0x000001a98ada7754
  0x000001a98ada76a4: 418b 5038 

  0x000001a98ada76a8: ; implicit exception: dispatches to 0x000001a98ada7759
  0x000001a98ada76a8: 483b 020f 

  0x000001a98ada76ac: ;   {optimized virtual_call}
  0x000001a98ada76ac: 1f40 00e8 

  0x000001a98ada76b0: ; ImmutableOopMap {[120]=Oop [128]=Oop [136]=Oop [152]=Oop }
                      ;*invokevirtual toExternalForm {reexecute=0 rethrow=0 return_oop=0}
                      ; - java.net.URL::toExternalForm@5 (line 1203)
                      ; - java.net.URL::toString@1 (line 1189)
                      ; - java.lang.ClassLoader::defineClassSourceLocation@22 (line 927)
                      ; - java.lang.ClassLoader::defineClass@12 (line 1026)
  0x000001a98ada76b0: cca2 f9ff 

  0x000001a98ada76b4: ;   {other}
  0x000001a98ada76b4: 0f1f 8400 | a402 0001 | 488b d848 | 8b84 2498 | 0000 008b | b424 9400 | 0000 8bbc | 2490 0000 
  0x000001a98ada76d4: 004c 8b8c | 2488 0000 | 004c 8b84 | 2480 0000 | 0048 8b54 | 2478 4c8b | da49 8bd3 | 488b c848 
  0x000001a98ada76f4: ;   {static_call}
  0x000001a98ada76f4: 891c 24e8 

  0x000001a98ada76f8: ; ImmutableOopMap {[120]=Oop [152]=Oop }
                      ;*invokestatic defineClass1 {reexecute=0 rethrow=0 return_oop=0}
                      ; - java.lang.ClassLoader::defineClass@27 (line 1027)
  0x000001a98ada76f8: 643f f6ff 

  0x000001a98ada76fc: ;   {other}
  0x000001a98ada76fc: 0f1f 8400 | ec02 0002 | 4c8b c04c | 8b8c 2498 | 0000 0048 | 8b54 2478 | 4889 8424 | a000 0000 
  0x000001a98ada771c: ;   {optimized virtual_call}
  0x000001a98ada771c: 6666 90e8 

  0x000001a98ada7720: ; ImmutableOopMap {[160]=Oop }
                      ;*invokevirtual postDefineClass {reexecute=0 rethrow=0 return_oop=0}
                      ; - java.lang.ClassLoader::defineClass@37 (line 1028)
  0x000001a98ada7720: dc25 0000 

  0x000001a98ada7724: ;   {other}
  0x000001a98ada7724: 0f1f 8400 | 1403 0003 | 488b 8424 | a000 0000 | 4881 c4b0 | 0000 005d 

  0x000001a98ada773c: ;   {poll_return}
  0x000001a98ada773c: 493b a750 | 0400 000f | 8715 0000 

  0x000001a98ada7748: ;   {runtime_call throw_null_pointer_exception Runtime1 stub}
  0x000001a98ada7748: 00c3 e851 

  0x000001a98ada774c: ; ImmutableOopMap {rax=Oop [120]=Oop [128]=Oop [136]=Oop [152]=Oop }
                      ;*invokevirtual getCodeSource {reexecute=0 rethrow=0 return_oop=0}
                      ; - java.lang.ClassLoader::defineClassSourceLocation@1 (line 924)
                      ; - java.lang.ClassLoader::defineClass@12 (line 1026)
                      ;   {runtime_call throw_null_pointer_exception Runtime1 stub}
  0x000001a98ada774c: dde5 ffe8 

  0x000001a98ada7750: ; ImmutableOopMap {rax=Oop [120]=Oop [128]=Oop [136]=Oop [152]=Oop }
                      ;*invokevirtual getLocation {reexecute=0 rethrow=0 return_oop=0}
                      ; - java.lang.ClassLoader::defineClassSourceLocation@12 (line 926)
                      ; - java.lang.ClassLoader::defineClass@12 (line 1026)
  0x000001a98ada7750: 4cdd e5ff 

  0x000001a98ada7754: ;   {runtime_call throw_null_pointer_exception Runtime1 stub}
  0x000001a98ada7754: e847 dde5 

  0x000001a98ada7758: ; ImmutableOopMap {r8=Oop [120]=Oop [128]=Oop [136]=Oop [152]=Oop }
                      ;*invokevirtual toString {reexecute=0 rethrow=0 return_oop=0}
                      ; - java.lang.ClassLoader::defineClassSourceLocation@22 (line 927)
                      ; - java.lang.ClassLoader::defineClass@12 (line 1026)
                      ;   {runtime_call throw_null_pointer_exception Runtime1 stub}
  0x000001a98ada7758: ffe8 42dd 

  0x000001a98ada775c: ; ImmutableOopMap {r8=Oop rdx=Oop [120]=Oop [128]=Oop [136]=Oop [152]=Oop }
                      ;*invokevirtual toExternalForm {reexecute=0 rethrow=0 return_oop=0}
                      ; - java.net.URL::toExternalForm@5 (line 1203)
                      ; - java.net.URL::toString@1 (line 1189)
                      ; - java.lang.ClassLoader::defineClassSourceLocation@22 (line 927)
                      ; - java.lang.ClassLoader::defineClass@12 (line 1026)
                      ;   {internal_word}
  0x000001a98ada775c: e5ff 49ba | 3c77 da8a | a901 0000 | 4d89 9768 

  0x000001a98ada776c: ;   {runtime_call SafepointBlob}
  0x000001a98ada776c: 0400 00e9 | 0cf4 d9ff | 498b 8700 | 0500 0049 | c787 0005 | 0000 0000 | 0000 49c7 | 8708 0500 
  0x000001a98ada778c: 0000 0000 | 0048 81c4 | b000 0000 

  0x000001a98ada7798: ;   {runtime_call unwind_exception Runtime1 stub}
  0x000001a98ada7798: 5de9 e2bb | e5ff f4f4 
[Stub Code]
  0x000001a98ada77a0: ;   {no_reloc}
  0x000001a98ada77a0: 0f1f 4400 

  0x000001a98ada77a4: ;   {static_stub}
  0x000001a98ada77a4: 0048 bb00 | 0000 0000 

  0x000001a98ada77ac: ;   {runtime_call}
  0x000001a98ada77ac: 0000 00e9 | fbff ffff 

  0x000001a98ada77b4: ;   {static_stub}
  0x000001a98ada77b4: 48bb a8a6 | 4393 a901 

  0x000001a98ada77bc: ;   {runtime_call I2C/C2I adapters}
  0x000001a98ada77bc: 0000 e9c8 

  0x000001a98ada77c0: ;   {static_stub}
  0x000001a98ada77c0: 38d9 ff48 | bb00 0000 | 0000 0000 

  0x000001a98ada77cc: ;   {runtime_call}
  0x000001a98ada77cc: 00e9 fbff 

  0x000001a98ada77d0: ;   {static_stub}
  0x000001a98ada77d0: ffff 48bb | 90a5 4393 | a901 0000 

  0x000001a98ada77dc: ;   {runtime_call I2C/C2I adapters}
  0x000001a98ada77dc: e9aa 38d9 

  0x000001a98ada77e0: ;   {runtime_call handle_exception_from_callee Runtime1 stub}
  0x000001a98ada77e0: ffe8 9a0e 

  0x000001a98ada77e4: ;   {external_word}
  0x000001a98ada77e4: e6ff 48b9 | b078 cb6d | fa7f 0000 | 4883 e4f0 

  0x000001a98ada77f4: ;   {runtime_call}
  0x000001a98ada77f4: 48b8 9041 | 936d fa7f | 0000 ffd0 

  0x000001a98ada7800: ;   {section_word}
  0x000001a98ada7800: f449 ba01 | 78da 8aa9 | 0100 0041 

  0x000001a98ada780c: ;   {runtime_call DeoptimizationBlob}
  0x000001a98ada780c: 52e9 0e08 | daff f4f4 | f4f4 f4f4 
[/MachCode]


Compiled method (c1)    8140  818       1       jdk.internal.loader.BuiltinClassLoader::defineClass (121 bytes)
 total in heap  [0x000001a98ad72590,0x000001a98ad734a0] = 3856
 relocation     [0x000001a98ad726f0,0x000001a98ad72838] = 328
 main code      [0x000001a98ad72840,0x000001a98ad72f00] = 1728
 stub code      [0x000001a98ad72f00,0x000001a98ad73020] = 288
 metadata       [0x000001a98ad73020,0x000001a98ad73068] = 72
 scopes data    [0x000001a98ad73068,0x000001a98ad732c0] = 600
 scopes pcs     [0x000001a98ad732c0,0x000001a98ad73460] = 416
 dependencies   [0x000001a98ad73460,0x000001a98ad73468] = 8
 handler table  [0x000001a98ad73468,0x000001a98ad73480] = 24
 nul chk table  [0x000001a98ad73480,0x000001a98ad734a0] = 32

[Constant Pool (empty)]

[MachCode]
[Entry Point]
  # {method} {0x000001a993069998} 'defineClass' '(Ljava/lang/String;Ljdk/internal/loader/Resource;)Ljava/lang/Class;' in 'jdk/internal/loader/BuiltinClassLoader'
  # this:     rdx:rdx   = 'jdk/internal/loader/BuiltinClassLoader'
  # parm0:    r8:r8     = 'java/lang/String'
  # parm1:    r9:r9     = 'jdk/internal/loader/Resource'
  #           [sp+0x110]  (sp of caller)
  0x000001a98ad72840: 448b 5208 | 49bb 0000 | 0093 a901 | 0000 4d03 | d34c 3bd0 

  0x000001a98ad72854: ;   {runtime_call ic_miss_stub}
  0x000001a98ad72854: 0f85 26c1 | dcff 660f | 1f44 0000 
[Verified Entry Point]
  0x000001a98ad72860: 8984 2400 | 80ff ff55 | 4881 ec00 | 0100 0090 | 4181 7f20 | 0500 0000 

  0x000001a98ad72878: ;   {runtime_call StubRoutines (final stubs)}
  0x000001a98ad72878: 7405 e801 | 35db ff48 | 8994 24a0 | 0000 004c | 8984 2490 | 0000 004c | 898c 2498 | 0000 0049 
  0x000001a98ad72898: 8bd1 6666 | 9048 b8ff | ffff ffff 

  0x000001a98ad728a4: ;   {virtual_call}
  0x000001a98ad728a4: ffff ffe8 

  0x000001a98ad728a8: ; ImmutableOopMap {[144]=Oop [152]=Oop [160]=Oop }
                      ;*invokevirtual getCodeSourceURL {reexecute=0 rethrow=0 return_oop=0}
                      ; - jdk.internal.loader.BuiltinClassLoader::defineClass@1 (line 842)
  0x000001a98ad728a8: d4f5 e9ff 

  0x000001a98ad728ac: ;   {other}
  0x000001a98ad728ac: 0f1f 8400 | 1c03 0000 | 4889 8424 | a800 0000 | 4c8b 8424 | 9000 0000 

  0x000001a98ad728c4: ; implicit exception: dispatches to 0x000001a98ad72e02
  0x000001a98ad728c4: 418b 7014 

  0x000001a98ad728c8: ; implicit exception: dispatches to 0x000001a98ad72e07
  0x000001a98ad728c8: 8b56 0c45 | 0fbe 4810 | 498b c9c1 | e118 c1f9 | 18d3 fa48 | 8bfa ffcf | 4585 c9ba | 0000 0000 
  0x000001a98ad728e8: 7505 ba01 | 0000 0083 | e201 85d2 | 488b d641 | b82e 0000 | 004c 8bcf | 0f84 1300 

  0x000001a98ad72904: ;   {static_call}
  0x000001a98ad72904: 0000 90e8 

  0x000001a98ad72908: ; ImmutableOopMap {[144]=Oop [152]=Oop [160]=Oop [168]=Oop }
                      ;*invokestatic lastIndexOf {reexecute=0 rethrow=0 return_oop=0}
                      ; - java.lang.String::lastIndexOf@13 (line 2573)
                      ; - java.lang.String::lastIndexOf@8 (line 2535)
                      ; - jdk.internal.loader.BuiltinClassLoader::defineClass@8 (line 845)
  0x000001a98ad72908: b4fc ecff 

  0x000001a98ad7290c: ;   {other}
  0x000001a98ad7290c: 0f1f 8400 | 7c03 0001 | e913 0000 | 0066 0f1f 

  0x000001a98ad7291c: ;   {static_call}
  0x000001a98ad7291c: 4400 00e8 

  0x000001a98ad72920: ; ImmutableOopMap {[144]=Oop [152]=Oop [160]=Oop [168]=Oop }
                      ;*invokestatic lastIndexOf {reexecute=0 rethrow=0 return_oop=0}
                      ; - java.lang.String::lastIndexOf@25 (line 2574)
                      ; - java.lang.String::lastIndexOf@8 (line 2535)
                      ; - jdk.internal.loader.BuiltinClassLoader::defineClass@8 (line 845)
  0x000001a98ad72920: 5ccf dcff 

  0x000001a98ad72924: ;   {other}
  0x000001a98ad72924: 0f1f 8400 | 9403 0002 | 83f8 ff0f | 847f 0000 | 0041 b800 | 0000 004c | 8bc8 488b | 9424 9000 
  0x000001a98ad72944: ;   {optimized virtual_call}
  0x000001a98ad72944: 0000 90e8 

  0x000001a98ad72948: ; ImmutableOopMap {[144]=Oop [152]=Oop [160]=Oop [168]=Oop }
                      ;*invokevirtual substring {reexecute=0 rethrow=0 return_oop=0}
                      ; - jdk.internal.loader.BuiltinClassLoader::defineClass@23 (line 847)
  0x000001a98ad72948: 3477 efff 

  0x000001a98ad7294c: ;   {other}
  0x000001a98ad7294c: 0f1f 8400 | bc03 0003 | 488b 9424 | 9800 0000 | 4889 8424 | b000 0000 | 9048 b8ff | ffff ffff 
  0x000001a98ad7296c: ;   {virtual_call}
  0x000001a98ad7296c: ffff ffe8 

  0x000001a98ad72970: ; ImmutableOopMap {[144]=Oop [152]=Oop [160]=Oop [168]=Oop [176]=Oop }
                      ;*invokevirtual getManifest {reexecute=0 rethrow=0 return_oop=0}
                      ; - jdk.internal.loader.BuiltinClassLoader::defineClass@29 (line 848)
  0x000001a98ad72970: 148e 1100 

  0x000001a98ad72974: ;   {other}
  0x000001a98ad72974: 0f1f 8400 | e403 0004 | 4c8b 8424 | b000 0000 | 4c8b c848 | 8bbc 24a8 | 0000 0048 | 8b94 24a0 
  0x000001a98ad72994: 0000 0066 | 0f1f 4400 | 0048 b8d8 | 9f06 93a9 

  0x000001a98ad729a4: ;   {virtual_call}
  0x000001a98ad729a4: 0100 00e8 

  0x000001a98ad729a8: ; ImmutableOopMap {[144]=Oop [152]=Oop [160]=Oop [168]=Oop }
                      ;*invokevirtual defineOrCheckPackage {reexecute=0 rethrow=0 return_oop=0}
                      ; - jdk.internal.loader.BuiltinClassLoader::defineClass@40 (line 849)
  0x000001a98ad729a8: 1426 0000 

  0x000001a98ad729ac: ;   {other}
  0x000001a98ad729ac: 0f1f 8400 | 1c04 0005 | 4c8b 8c24 | 9800 0000 | 488d 9424 | e000 0000 | 4c89 4a08 | 498b 0148 
  0x000001a98ad729cc: 83c8 0148 | 8902 f049 | 0fb1 110f | 8412 0000 | 0048 2bc4 | 4825 07f0 | ffff 4889 | 020f 851d 
  0x000001a98ad729ec: 0400 0049 | ff87 5005 | 0000 418b | 510c 4885 | d20f 8551 | 0000 0049 | 8bd1 0f1f | 8000 0000 
  0x000001a98ad72a0c: 0048 b8ff | ffff ffff 

  0x000001a98ad72a14: ;   {virtual_call}
  0x000001a98ad72a14: ffff ffe8 

  0x000001a98ad72a18: ; ImmutableOopMap {[144]=Oop [152]=Oop [160]=Oop [168]=Oop [232]=Oop }
                      ;*invokevirtual getInputStream {reexecute=0 rethrow=0 return_oop=0}
                      ; - jdk.internal.loader.Resource::cachedInputStream@9 (line 77)
                      ; - jdk.internal.loader.Resource::getByteBuffer@1 (line 163)
                      ; - jdk.internal.loader.BuiltinClassLoader::defineClass@45 (line 853)
  0x000001a98ad72a18: 1cef e9ff 

  0x000001a98ad72a1c: ;   {other}
  0x000001a98ad72a1c: 0f1f 8400 | 8c04 0006 | 410f be57 | 4085 d24c | 8b8c 2498 | 0000 000f | 85e6 0300 | 004c 8bd0 
  0x000001a98ad72a3c: 4589 510c | 498b d148 | 33d0 48c1 | ea14 4883 | fa00 0f85 | e703 0000 | 418b 510c | 488d 8424 
  0x000001a98ad72a5c: e000 0000 | 488b 3048 | 85f6 0f84 | 0f00 0000 | 488b 7808 | f048 0fb1 | 370f 85d8 | 0300 0049 
  0x000001a98ad72a7c: ff8f 5005 | 0000 4885 | d20f 8443 

  0x000001a98ad72a88: ;   {metadata('sun/nio/ByteBuffered')}
  0x000001a98ad72a88: 0000 0048 | b888 cd36 | 93a9 0100 | 008b 5a08 | 49ba 0000 | 0093 a901 | 0000 4903 | da48 3b43 
  0x000001a98ad72aa8: 200f 8424 | 0000 0048 | 3bd8 0f84 | 1b00 0000 

  0x000001a98ad72ab8: ;   {runtime_call slow_subtype_check Runtime1 stub}
  0x000001a98ad72ab8: 5350 e8c1 | 67e9 ff5b | 5b85 db0f | 8405 0000 | 00e9 0500 | 0000 4833 | f6eb 0a48 | be01 0000 
  0x000001a98ad72ad8: 0000 0000 | 0085 f60f | 846c 0000 | 0048 85d2 | 0f84 4300 

  0x000001a98ad72aec: ;   {metadata('sun/nio/ByteBuffered')}
  0x000001a98ad72aec: 0000 48bb | 88cd 3693 | a901 0000 | 8b7a 0849 | ba00 0000 | 93a9 0100 | 0049 03fa | 483b 5f20 
  0x000001a98ad72b0c: 0f84 1f00 | 0000 483b | fb0f 8416 | 0000 0057 

  0x000001a98ad72b1c: ;   {runtime_call slow_subtype_check Runtime1 stub}
  0x000001a98ad72b1c: 53e8 5e67 | e9ff 5f5f | 85ff 0f84 | 3d03 0000 | e900 0000 | 000f 1f40 | 0048 b8ff | ffff ffff 
  0x000001a98ad72b3c: ;   {virtual_call}
  0x000001a98ad72b3c: ffff ffe8 

  0x000001a98ad72b40: ; ImmutableOopMap {[144]=Oop [152]=Oop [160]=Oop [168]=Oop }
                      ;*invokeinterface getByteBuffer {reexecute=0 rethrow=0 return_oop=0}
                      ; - jdk.internal.loader.Resource::getByteBuffer@16 (line 165)
                      ; - jdk.internal.loader.BuiltinClassLoader::defineClass@45 (line 853)
  0x000001a98ad72b40: 3cc8 dcff 

  0x000001a98ad72b44: ;   {other}
  0x000001a98ad72b44: 0f1f 8400 | b405 0007 | e90a 0000 

  0x000001a98ad72b50: ;   {oop(nullptr)}
  0x000001a98ad72b50: 0048 b800 | 0000 0000 | 0000 0048 | 85c0 0f84 | 0601 0000 | 4889 8424 | b800 0000 | 488b 9424 
  0x000001a98ad72b70: 9800 0000 | 9048 b8ff | ffff ffff 

  0x000001a98ad72b7c: ;   {virtual_call}
  0x000001a98ad72b7c: ffff ffe8 

  0x000001a98ad72b80: ; ImmutableOopMap {[144]=Oop [160]=Oop [168]=Oop [184]=Oop }
                      ;*invokevirtual getCodeSigners {reexecute=0 rethrow=0 return_oop=0}
                      ; - jdk.internal.loader.BuiltinClassLoader::defineClass@56 (line 855)
  0x000001a98ad72b80: fcc7 dcff 

  0x000001a98ad72b84: ;   {other}
  0x000001a98ad72b84: 0f1f 8400 | f405 0008 

  0x000001a98ad72b8c: ;   {metadata('java/security/CodeSource')}
  0x000001a98ad72b8c: 4c8b c848 | bad8 5a00 | 93a9 0100 | 0049 8b87 | b801 0000 | 488d 7828 | 493b bfc8 | 0100 000f 
  0x000001a98ad72bac: 87c1 0200 | 0049 89bf | b801 0000 | 48c7 0001 | 0000 0048 | 8bca 49ba | 0000 0093 | a901 0000 
  0x000001a98ad72bcc: 492b ca89 | 4808 4833 | c989 480c | 4833 c948 | 8948 1048 | 8948 1848 | 8948 204c | 8b84 24a8 
  0x000001a98ad72bec: 0000 0048 | 8bd0 4889 | 8424 c000 | 0000 0f1f 

  0x000001a98ad72bfc: ;   {optimized virtual_call}
  0x000001a98ad72bfc: 4400 00e8 

  0x000001a98ad72c00: ; ImmutableOopMap {[144]=Oop [160]=Oop [184]=Oop [192]=Oop }
                      ;*invokespecial <init> {reexecute=0 rethrow=0 return_oop=0}
                      ; - jdk.internal.loader.BuiltinClassLoader::defineClass@68 (line 856)
  0x000001a98ad72c00: 7cc2 dcff 

  0x000001a98ad72c04: ;   {other}
  0x000001a98ad72c04: 0f1f 8400 | 7406 0009 | 4c8b 8424 | c000 0000 | 488b 9424 | a000 0000 

  0x000001a98ad72c1c: ;   {optimized virtual_call}
  0x000001a98ad72c1c: 6666 90e8 

  0x000001a98ad72c20: ; ImmutableOopMap {[144]=Oop [160]=Oop [184]=Oop }
                      ;*invokevirtual getProtectionDomain {reexecute=0 rethrow=0 return_oop=0}
                      ; - java.security.SecureClassLoader::defineClass@5 (line 182)
                      ; - jdk.internal.loader.BuiltinClassLoader::defineClass@79 (line 857)
  0x000001a98ad72c20: 5cc2 dcff 

  0x000001a98ad72c24: ;   {other}
  0x000001a98ad72c24: 0f1f 8400 | 9406 000a | 4c8b 8424 | 9000 0000 | 4c8b 8c24 | b800 0000 | 488b f848 | 8b94 24a0 
  0x000001a98ad72c44: ;   {optimized virtual_call}
  0x000001a98ad72c44: 0000 00e8 

  0x000001a98ad72c48: ; ImmutableOopMap {}
                      ;*invokevirtual defineClass {reexecute=0 rethrow=0 return_oop=0}
                      ; - java.security.SecureClassLoader::defineClass@8 (line 182)
                      ; - jdk.internal.loader.BuiltinClassLoader::defineClass@79 (line 857)
  0x000001a98ad72c48: 34c2 dcff 

  0x000001a98ad72c4c: ;   {other}
  0x000001a98ad72c4c: 0f1f 8400 | bc06 000b | 4881 c400 | 0100 005d 

  0x000001a98ad72c5c: ;   {poll_return}
  0x000001a98ad72c5c: 493b a750 | 0400 000f | 8716 0200 | 00c3 4c8b | 8c24 9800 | 0000 498b | d148 b8ff | ffff ffff 
  0x000001a98ad72c7c: ;   {virtual_call}
  0x000001a98ad72c7c: ffff ffe8 

  0x000001a98ad72c80: ; ImmutableOopMap {[144]=Oop [152]=Oop [160]=Oop [168]=Oop }
                      ;*invokevirtual getBytes {reexecute=0 rethrow=0 return_oop=0}
                      ; - jdk.internal.loader.BuiltinClassLoader::defineClass@84 (line 859)
  0x000001a98ad72c80: a4ed e9ff 

  0x000001a98ad72c84: ;   {other}
  0x000001a98ad72c84: 0f1f 8400 | f406 000c | 4889 8424 | c800 0000 | 488b 9424 | 9800 0000 | 9048 b8ff | ffff ffff 
  0x000001a98ad72ca4: ;   {virtual_call}
  0x000001a98ad72ca4: ffff ffe8 

  0x000001a98ad72ca8: ; ImmutableOopMap {[144]=Oop [160]=Oop [168]=Oop [200]=Oop }
                      ;*invokevirtual getCodeSigners {reexecute=0 rethrow=0 return_oop=0}
                      ; - jdk.internal.loader.BuiltinClassLoader::defineClass@90 (line 860)
  0x000001a98ad72ca8: 3487 1100 

  0x000001a98ad72cac: ;   {other}
  0x000001a98ad72cac: 0f1f 8400 | 1c07 000d 

  0x000001a98ad72cb4: ;   {metadata('java/security/CodeSource')}
  0x000001a98ad72cb4: 4c8b c848 | bad8 5a00 | 93a9 0100 | 0049 8b87 | b801 0000 | 488d 7828 | 493b bfc8 | 0100 000f 
  0x000001a98ad72cd4: 87bc 0100 | 0049 89bf | b801 0000 | 48c7 0001 | 0000 0048 | 8bca 49ba | 0000 0093 | a901 0000 
  0x000001a98ad72cf4: 492b ca89 | 4808 4833 | c989 480c | 4833 c948 | 8948 1048 | 8948 1848 | 8948 204c | 8b84 24a8 
  0x000001a98ad72d14: 0000 0048 | 8bd0 4889 | 8424 d000 | 0000 0f1f 

  0x000001a98ad72d24: ;   {optimized virtual_call}
  0x000001a98ad72d24: 4400 00e8 

  0x000001a98ad72d28: ; ImmutableOopMap {[144]=Oop [160]=Oop [200]=Oop [208]=Oop }
                      ;*invokespecial <init> {reexecute=0 rethrow=0 return_oop=0}
                      ; - jdk.internal.loader.BuiltinClassLoader::defineClass@102 (line 861)
  0x000001a98ad72d28: 5433 0300 

  0x000001a98ad72d2c: ;   {other}
  0x000001a98ad72d2c: 0f1f 8400 | 9c07 000e | 488b 8424 | c800 0000 

  0x000001a98ad72d3c: ; implicit exception: dispatches to 0x000001a98ad72ea2
  0x000001a98ad72d3c: 8b70 0c4c | 8b84 24d0 | 0000 0048 | 8b94 24a0 | 0000 0089 | b424 d800 

  0x000001a98ad72d54: ;   {optimized virtual_call}
  0x000001a98ad72d54: 0000 90e8 

  0x000001a98ad72d58: ; ImmutableOopMap {[144]=Oop [160]=Oop [200]=Oop }
                      ;*invokevirtual getProtectionDomain {reexecute=0 rethrow=0 return_oop=0}
                      ; - java.security.SecureClassLoader::defineClass@9 (line 150)
                      ; - jdk.internal.loader.BuiltinClassLoader::defineClass@117 (line 862)
  0x000001a98ad72d58: 2439 0300 

  0x000001a98ad72d5c: ;   {other}
  0x000001a98ad72d5c: 0f1f 8400 | cc07 000f | 4c8b 8424 | 9000 0000 | 4c8b 8c24 | c800 0000 | bf00 0000 | 008b b424 
  0x000001a98ad72d7c: d800 0000 | 488b c848 | 8b94 24a0 | 0000 000f 

  0x000001a98ad72d8c: ;   {optimized virtual_call}
  0x000001a98ad72d8c: 1f40 00e8 

  0x000001a98ad72d90: ; ImmutableOopMap {}
                      ;*invokevirtual defineClass {reexecute=0 rethrow=0 return_oop=0}
                      ; - java.security.SecureClassLoader::defineClass@12 (line 150)
                      ; - jdk.internal.loader.BuiltinClassLoader::defineClass@117 (line 862)
  0x000001a98ad72d90: 6c48 0300 

  0x000001a98ad72d94: ;   {other}
  0x000001a98ad72d94: 0f1f 8400 | 0408 0010 | 4881 c400 | 0100 005d 

  0x000001a98ad72da4: ;   {poll_return}
  0x000001a98ad72da4: 493b a750 | 0400 000f | 87f6 0000 | 00c3 498b | 8700 0500 | 004d 33d2 | 4d89 9700 | 0500 004d 
  0x000001a98ad72dc4: 33d2 4d89 | 9708 0500 | 0048 8bf0 | 488d 8424 | e000 0000 | 488b 3848 | 85ff 0f84 | 0f00 0000 
  0x000001a98ad72de4: 488b 5808 | f048 0fb1 | 3b0f 85ca | 0000 0049 | ff8f 5005 | 0000 488b | c6e9 ee00 

  0x000001a98ad72e00: ;   {runtime_call throw_null_pointer_exception Runtime1 stub}
  0x000001a98ad72e00: 0000 e899 

  0x000001a98ad72e04: ; ImmutableOopMap {rax=Oop r8=Oop [144]=Oop [152]=Oop [160]=Oop [168]=Oop }
                      ;*invokevirtual lastIndexOf {reexecute=0 rethrow=0 return_oop=0}
                      ; - jdk.internal.loader.BuiltinClassLoader::defineClass@8 (line 845)
                      ;   {runtime_call throw_null_pointer_exception Runtime1 stub}
  0x000001a98ad72e04: 26e9 ffe8 

  0x000001a98ad72e08: ; ImmutableOopMap {rax=Oop r8=Oop rsi=Oop [144]=Oop [152]=Oop [160]=Oop [168]=Oop }
                      ;*arraylength {reexecute=0 rethrow=0 return_oop=0}
                      ; - java.lang.String::length@4 (line 1519)
                      ; - java.lang.String::lastIndexOf@3 (line 2535)
                      ; - jdk.internal.loader.BuiltinClassLoader::defineClass@8 (line 845)
  0x000001a98ad72e08: 9426 e9ff | 4c89 4c24 | 0848 8914 

  0x000001a98ad72e14: ;   {runtime_call monitorenter_nofpu Runtime1 stub}
  0x000001a98ad72e14: 24e8 6671 

  0x000001a98ad72e18: ; ImmutableOopMap {r9=Oop [144]=Oop [152]=Oop [160]=Oop [168]=Oop [232]=Oop }
                      ;*synchronization entry
                      ; - jdk.internal.loader.Resource::cachedInputStream@-1 (line 76)
                      ; - jdk.internal.loader.Resource::getByteBuffer@1 (line 163)
                      ; - jdk.internal.loader.BuiltinClassLoader::defineClass@45 (line 853)
  0x000001a98ad72e18: e9ff e9d7 | fbff ff41 | 8b51 0c48 | 83fa 000f | 840c fcff | ff48 8914 

  0x000001a98ad72e30: ;   {runtime_call g1_pre_barrier_slow}
  0x000001a98ad72e30: 24e8 caa8 | e9ff e9fe | fbff ff48 | 83f8 000f | 840f fcff | ff4c 890c 

  0x000001a98ad72e48: ;   {runtime_call g1_post_barrier_slow}
  0x000001a98ad72e48: 24e8 32ac | e9ff e901 | fcff ff48 | 8d84 24e0 | 0000 0048 

  0x000001a98ad72e5c: ;   {runtime_call monitorexit_nofpu Runtime1 stub}
  0x000001a98ad72e5c: 8904 24e8 | 1c7e e9ff | e919 fcff | ff48 8914 

  0x000001a98ad72e6c: ;   {runtime_call throw_class_cast_exception Runtime1 stub}
  0x000001a98ad72e6c: 24e8 2e5e 

  0x000001a98ad72e70: ; ImmutableOopMap {[144]=Oop [152]=Oop [160]=Oop [168]=Oop }
                      ;*checkcast {reexecute=0 rethrow=0 return_oop=0}
                      ; - jdk.internal.loader.Resource::getByteBuffer@13 (line 165)
                      ; - jdk.internal.loader.BuiltinClassLoader::defineClass@45 (line 853)
  0x000001a98ad72e70: e9ff 488b 

  0x000001a98ad72e74: ;   {runtime_call fast_new_instance Runtime1 stub}
  0x000001a98ad72e74: d2e8 0637 

  0x000001a98ad72e78: ; ImmutableOopMap {r9=Oop [144]=Oop [160]=Oop [168]=Oop [184]=Oop }
                      ;*new {reexecute=0 rethrow=0 return_oop=0}
                      ; - jdk.internal.loader.BuiltinClassLoader::defineClass@61 (line 856)
  0x000001a98ad72e78: e9ff e968 

  0x000001a98ad72e7c: ;   {internal_word}
  0x000001a98ad72e7c: fdff ff49 | ba5c 2cd7 | 8aa9 0100 | 004d 8997 | 6804 0000 

  0x000001a98ad72e90: ;   {runtime_call SafepointBlob}
  0x000001a98ad72e90: e9eb 3cdd | ff48 8bd2 

  0x000001a98ad72e98: ;   {runtime_call fast_new_instance Runtime1 stub}
  0x000001a98ad72e98: e8e3 36e9 

  0x000001a98ad72e9c: ; ImmutableOopMap {r9=Oop [144]=Oop [160]=Oop [168]=Oop [200]=Oop }
                      ;*new {reexecute=0 rethrow=0 return_oop=0}
                      ; - jdk.internal.loader.BuiltinClassLoader::defineClass@95 (line 861)
  0x000001a98ad72e9c: ffe9 6dfe 

  0x000001a98ad72ea0: ;   {runtime_call throw_null_pointer_exception Runtime1 stub}
  0x000001a98ad72ea0: ffff e8f9 

  0x000001a98ad72ea4: ; ImmutableOopMap {rax=Oop [144]=Oop [160]=Oop [200]=Oop [208]=Oop }
                      ;*arraylength {reexecute=0 rethrow=0 return_oop=0}
                      ; - jdk.internal.loader.BuiltinClassLoader::defineClass@114 (line 862)
                      ;   {internal_word}
  0x000001a98ad72ea4: 25e9 ff49 | baa4 2dd7 | 8aa9 0100 | 004d 8997 | 6804 0000 

  0x000001a98ad72eb8: ;   {runtime_call SafepointBlob}
  0x000001a98ad72eb8: e9c3 3cdd | ff48 8d84 | 24e0 0000 | 0048 8904 

  0x000001a98ad72ec8: ;   {runtime_call monitorexit_nofpu Runtime1 stub}
  0x000001a98ad72ec8: 24e8 b27d | e9ff e927 | ffff ff49 | 8b87 0005 | 0000 49c7 | 8700 0500 | 0000 0000 | 0049 c787 
  0x000001a98ad72ee8: 0805 0000 | 0000 0000 | 4881 c400 | 0100 005d 

  0x000001a98ad72ef8: ;   {runtime_call unwind_exception Runtime1 stub}
  0x000001a98ad72ef8: e983 04e9 | fff4 f4f4 
[Stub Code]
  0x000001a98ad72f00: ;   {no_reloc}
  0x000001a98ad72f00: 0f1f 4400 

  0x000001a98ad72f04: ;   {static_stub}
  0x000001a98ad72f04: 0048 bb00 | 0000 0000 

  0x000001a98ad72f0c: ;   {runtime_call}
  0x000001a98ad72f0c: 0000 00e9 | fbff ffff 

  0x000001a98ad72f14: ;   {static_stub}
  0x000001a98ad72f14: 9048 bb00 | 0000 0000 

  0x000001a98ad72f1c: ;   {runtime_call}
  0x000001a98ad72f1c: 0000 00e9 | fbff ffff 

  0x000001a98ad72f24: ;   {static_stub}
  0x000001a98ad72f24: 9048 bb00 | 0000 0000 

  0x000001a98ad72f2c: ;   {runtime_call}
  0x000001a98ad72f2c: 0000 00e9 | fbff ffff 

  0x000001a98ad72f34: ;   {static_stub}
  0x000001a98ad72f34: 9048 bb00 | 0000 0000 

  0x000001a98ad72f3c: ;   {runtime_call}
  0x000001a98ad72f3c: 0000 00e9 | fbff ffff 

  0x000001a98ad72f44: ;   {static_stub}
  0x000001a98ad72f44: 9048 bb00 | 0000 0000 

  0x000001a98ad72f4c: ;   {runtime_call}
  0x000001a98ad72f4c: 0000 00e9 | fbff ffff 

  0x000001a98ad72f54: ;   {static_stub}
  0x000001a98ad72f54: 9048 bb00 | 0000 0000 

  0x000001a98ad72f5c: ;   {runtime_call}
  0x000001a98ad72f5c: 0000 00e9 | fbff ffff 

  0x000001a98ad72f64: ;   {static_stub}
  0x000001a98ad72f64: 9048 bb00 | 0000 0000 

  0x000001a98ad72f6c: ;   {runtime_call}
  0x000001a98ad72f6c: 0000 00e9 | fbff ffff 

  0x000001a98ad72f74: ;   {static_stub}
  0x000001a98ad72f74: 9048 bb00 | 0000 0000 

  0x000001a98ad72f7c: ;   {runtime_call}
  0x000001a98ad72f7c: 0000 00e9 | fbff ffff 

  0x000001a98ad72f84: ;   {static_stub}
  0x000001a98ad72f84: 48bb 0000 | 0000 0000 

  0x000001a98ad72f8c: ;   {runtime_call}
  0x000001a98ad72f8c: 0000 e9fb 

  0x000001a98ad72f90: ;   {static_stub}
  0x000001a98ad72f90: ffff ff48 | bb00 0000 | 0000 0000 

  0x000001a98ad72f9c: ;   {runtime_call}
  0x000001a98ad72f9c: 00e9 fbff 

  0x000001a98ad72fa0: ;   {static_stub}
  0x000001a98ad72fa0: ffff 48bb | 0000 0000 | 0000 0000 

  0x000001a98ad72fac: ;   {runtime_call}
  0x000001a98ad72fac: e9fb ffff 

  0x000001a98ad72fb0: ;   {static_stub}
  0x000001a98ad72fb0: ff48 bb40 | 3d47 93a9 

  0x000001a98ad72fb8: ;   {runtime_call I2C/C2I adapters}
  0x000001a98ad72fb8: 0100 00e9 | cb80 dcff 

  0x000001a98ad72fc0: ;   {static_stub}
  0x000001a98ad72fc0: 48bb d0d0 | 0493 a901 

  0x000001a98ad72fc8: ;   {runtime_call I2C/C2I adapters}
  0x000001a98ad72fc8: 0000 e938 

  0x000001a98ad72fcc: ;   {static_stub}
  0x000001a98ad72fcc: 1fdd ff48 | bb00 0000 | 0000 0000 

  0x000001a98ad72fd8: ;   {runtime_call}
  0x000001a98ad72fd8: 00e9 fbff 

  0x000001a98ad72fdc: ;   {static_stub}
  0x000001a98ad72fdc: ffff 48bb | 68a9 4393 | a901 0000 

  0x000001a98ad72fe8: ;   {runtime_call I2C/C2I adapters}
  0x000001a98ad72fe8: e9a8 b5db 

  0x000001a98ad72fec: ;   {runtime_call handle_exception_from_callee Runtime1 stub}
  0x000001a98ad72fec: ffe8 8e56 

  0x000001a98ad72ff0: ;   {external_word}
  0x000001a98ad72ff0: e9ff 48b9 | b078 cb6d | fa7f 0000 | 4883 e4f0 

  0x000001a98ad73000: ;   {runtime_call}
  0x000001a98ad73000: 48b8 9041 | 936d fa7f | 0000 ffd0 

  0x000001a98ad7300c: ;   {section_word}
  0x000001a98ad7300c: f449 ba0d | 30d7 8aa9 | 0100 0041 

  0x000001a98ad73018: ;   {runtime_call DeoptimizationBlob}
  0x000001a98ad73018: 52e9 0250 | ddff f4f4 
[/MachCode]


---------------  P R O C E S S  ---------------

Threads class SMR info:
_java_thread_list=0x000001a9dac5f8d0, length=17, elements={
0x000001a9803ad800, 0x000001a992de9fb0, 0x000001a992decbd0, 0x000001a992deea10,
0x000001a992def7e0, 0x000001a992df86a0, 0x000001a992dfb200, 0x000001a992dfdf10,
0x000001a9d80f8830, 0x000001a9d81014e0, 0x000001a9d9626e00, 0x000001a9d96d8fe0,
0x000001a9d96f6c30, 0x000001a9d96d9650, 0x000001a9d9b725e0, 0x000001a9d9c15250,
0x000001a9dac7a490
}

Java Threads: ( => current thread )
=>0x000001a9803ad800 JavaThread "main"                              [_thread_in_vm, id=30004, stack(0x00000010be800000,0x00000010be900000) (1024K)]
  0x000001a992de9fb0 JavaThread "Reference Handler"          daemon [_thread_blocked, id=9740, stack(0x00000010bf000000,0x00000010bf100000) (1024K)]
  0x000001a992decbd0 JavaThread "Finalizer"                  daemon [_thread_blocked, id=1976, stack(0x00000010bf100000,0x00000010bf200000) (1024K)]
  0x000001a992deea10 JavaThread "Signal Dispatcher"          daemon [_thread_blocked, id=10252, stack(0x00000010bf200000,0x00000010bf300000) (1024K)]
  0x000001a992def7e0 JavaThread "Attach Listener"            daemon [_thread_blocked, id=8508, stack(0x00000010bf300000,0x00000010bf400000) (1024K)]
  0x000001a992df86a0 JavaThread "Service Thread"             daemon [_thread_blocked, id=19084, stack(0x00000010bf400000,0x00000010bf500000) (1024K)]
  0x000001a992dfb200 JavaThread "Monitor Deflation Thread"   daemon [_thread_blocked, id=17520, stack(0x00000010bf500000,0x00000010bf600000) (1024K)]
  0x000001a992dfdf10 JavaThread "C1 CompilerThread0"         daemon [_thread_blocked, id=4796, stack(0x00000010bf600000,0x00000010bf700000) (1024K)]
  0x000001a9d80f8830 JavaThread "Notification Thread"        daemon [_thread_blocked, id=20996, stack(0x00000010bf700000,0x00000010bf800000) (1024K)]
  0x000001a9d81014e0 JavaThread "Common-Cleaner"             daemon [_thread_blocked, id=19796, stack(0x00000010bf800000,0x00000010bf900000) (1024K)]
  0x000001a9d9626e00 JavaThread "Catalina-utility-1"                [_thread_blocked, id=12348, stack(0x00000010c0100000,0x00000010c0200000) (1024K)]
  0x000001a9d96d8fe0 JavaThread "Catalina-utility-2"                [_thread_blocked, id=1544, stack(0x00000010c0200000,0x00000010c0300000) (1024K)]
  0x000001a9d96f6c30 JavaThread "container-0"                       [_thread_blocked, id=30488, stack(0x00000010c0300000,0x00000010c0400000) (1024K)]
  0x000001a9d96d9650 JavaThread "mysql-cj-abandoned-connection-cleanup" daemon [_thread_blocked, id=9956, stack(0x00000010c0400000,0x00000010c0500000) (1024K)]
  0x000001a9d9b725e0 JavaThread "HikariPool-1 housekeeper"   daemon [_thread_blocked, id=9120, stack(0x00000010c0600000,0x00000010c0700000) (1024K)]
  0x000001a9d9c15250 JavaThread "HikariPool-1 connection adder" daemon [_thread_blocked, id=13696, stack(0x00000010c0700000,0x00000010c0800000) (1024K)]
  0x000001a9dac7a490 JavaThread "Thread-1"                          [_thread_blocked, id=21360, stack(0x00000010c0800000,0x00000010c0900000) (1024K)]
Total: 17

Other Threads:
  0x000001a992dc6ad0 VMThread "VM Thread"                           [id=11416, stack(0x00000010bef00000,0x00000010bf000000) (1024K)]
  0x000001a992db6bf0 WatcherThread "VM Periodic Task Thread"        [id=30360, stack(0x00000010bee00000,0x00000010bef00000) (1024K)]
  0x000001a9826a9ad0 WorkerThread "GC Thread#0"                     [id=19320, stack(0x00000010be900000,0x00000010bea00000) (1024K)]
  0x000001a9d8919760 WorkerThread "GC Thread#1"                     [id=30800, stack(0x00000010bf900000,0x00000010bfa00000) (1024K)]
  0x000001a9d8919b10 WorkerThread "GC Thread#2"                     [id=25780, stack(0x00000010bfa00000,0x00000010bfb00000) (1024K)]
  0x000001a9d8953340 WorkerThread "GC Thread#3"                     [id=3264, stack(0x00000010bfb00000,0x00000010bfc00000) (1024K)]
  0x000001a9d897f9e0 WorkerThread "GC Thread#4"                     [id=21324, stack(0x00000010bfc00000,0x00000010bfd00000) (1024K)]
  0x000001a9d897fd90 WorkerThread "GC Thread#5"                     [id=8320, stack(0x00000010bfd00000,0x00000010bfe00000) (1024K)]
  0x000001a9d8e2efa0 WorkerThread "GC Thread#6"                     [id=19376, stack(0x00000010bff00000,0x00000010c0000000) (1024K)]
  0x000001a9d8e2f350 WorkerThread "GC Thread#7"                     [id=27368, stack(0x00000010c0000000,0x00000010c0100000) (1024K)]
  0x000001a9826ba380 ConcurrentGCThread "G1 Main Marker"            [id=13652, stack(0x00000010bea00000,0x00000010beb00000) (1024K)]
  0x000001a9826bbd10 WorkerThread "G1 Conc#0"                       [id=30376, stack(0x00000010beb00000,0x00000010bec00000) (1024K)]
  0x000001a9d91a3830 WorkerThread "G1 Conc#1"                       [id=31732, stack(0x00000010bfe00000,0x00000010bff00000) (1024K)]
  0x000001a992c845a0 ConcurrentGCThread "G1 Refine#0"               [id=7436, stack(0x00000010bec00000,0x00000010bed00000) (1024K)]
  0x000001a992c84dd0 ConcurrentGCThread "G1 Service"                [id=31324, stack(0x00000010bed00000,0x00000010bee00000) (1024K)]
Total: 15

Threads with active compile tasks:
Total: 0

VM state: not at safepoint (normal execution)

VM Mutex/Monitor currently owned by a thread:  ([mutex/lock_event])
[0x00007ffa6df4edf0] Metaspace_lock - owner thread: 0x000001a9803ad800

Heap address: 0x0000000083a00000, size: 1990 MB, Compressed Oops mode: 32-bit

CDS archive(s) mapped at: [0x000001a993000000-0x000001a993c90000-0x000001a993c90000), size 13172736, SharedBaseAddress: 0x000001a993000000, ArchiveRelocationMode: 1.
Compressed class space mapped at: 0x000001a994000000-0x000001a9d4000000, reserved size: 1073741824
Narrow klass base: 0x000001a993000000, Narrow klass shift: 0, Narrow klass range: 0x100000000

GC Precious Log:
 CardTable entry size: 512
 Card Set container configuration: InlinePtr #cards 5 size 8 Array Of Cards #cards 12 size 40 Howl #buckets 4 coarsen threshold 1843 Howl Bitmap #cards 512 size 80 coarsen threshold 460 Card regions per heap region 1 cards per card region 2048
 CPUs: 8 total, 8 available
 Memory: 7956M
 Large Page Support: Disabled
 NUMA Support: Disabled
 Compressed Oops: Enabled (32-bit)
 Heap Region Size: 1M
 Heap Min Capacity: 8M
 Heap Initial Capacity: 126M
 Heap Max Capacity: 1990M
 Pre-touch: Disabled
 Parallel Workers: 8
 Concurrent Workers: 2
 Concurrent Refinement Workers: 8
 Periodic GC: Disabled

Heap:
 garbage-first heap   total 78848K, used 62434K [0x0000000083a00000, 0x0000000100000000)
  region size 1024K, 39 young (39936K), 5 survivors (5120K)
 Metaspace       used 59230K, committed 59840K, reserved 1114112K
  class space    used 8319K, committed 8576K, reserved 1048576K

Heap Regions: E=young(eden), S=young(survivor), O=old, HS=humongous(starts), HC=humongous(continues), CS=collection set, F=free, TAMS=top-at-mark-start, PB=parsable bottom
|   0|0x0000000083a00000, 0x0000000083b00000, 0x0000000083b00000|100%|HS|  |TAMS 0x0000000083a00000| PB 0x0000000083a00000| Complete 
|   1|0x0000000083b00000, 0x0000000083c00000, 0x0000000083c00000|100%|HS|  |TAMS 0x0000000083b00000| PB 0x0000000083b00000| Complete 
|   2|0x0000000083c00000, 0x0000000083d00000, 0x0000000083d00000|100%| O|  |TAMS 0x0000000083c00000| PB 0x0000000083c00000| Untracked 
|   3|0x0000000083d00000, 0x0000000083e00000, 0x0000000083e00000|100%| O|  |TAMS 0x0000000083d00000| PB 0x0000000083d00000| Untracked 
|   4|0x0000000083e00000, 0x0000000083f00000, 0x0000000083f00000|100%| O|  |TAMS 0x0000000083e00000| PB 0x0000000083e00000| Untracked 
|   5|0x0000000083f00000, 0x0000000084000000, 0x0000000084000000|100%| O|  |TAMS 0x0000000083f00000| PB 0x0000000083f00000| Untracked 
|   6|0x0000000084000000, 0x0000000084100000, 0x0000000084100000|100%| O|  |TAMS 0x0000000084000000| PB 0x0000000084000000| Untracked 
|   7|0x0000000084100000, 0x0000000084200000, 0x0000000084200000|100%| O|  |TAMS 0x0000000084100000| PB 0x0000000084100000| Untracked 
|   8|0x0000000084200000, 0x0000000084300000, 0x0000000084300000|100%| O|  |TAMS 0x0000000084200000| PB 0x0000000084200000| Untracked 
|   9|0x0000000084300000, 0x0000000084400000, 0x0000000084400000|100%| O|  |TAMS 0x0000000084300000| PB 0x0000000084300000| Untracked 
|  10|0x0000000084400000, 0x0000000084500000, 0x0000000084500000|100%| O|  |TAMS 0x0000000084400000| PB 0x0000000084400000| Untracked 
|  11|0x0000000084500000, 0x0000000084600000, 0x0000000084600000|100%| O|  |TAMS 0x0000000084500000| PB 0x0000000084500000| Untracked 
|  12|0x0000000084600000, 0x0000000084700000, 0x0000000084700000|100%| O|  |TAMS 0x0000000084600000| PB 0x0000000084600000| Untracked 
|  13|0x0000000084700000, 0x0000000084800000, 0x0000000084800000|100%| O|  |TAMS 0x0000000084700000| PB 0x0000000084700000| Untracked 
|  14|0x0000000084800000, 0x0000000084900000, 0x0000000084900000|100%| O|  |TAMS 0x0000000084800000| PB 0x0000000084800000| Untracked 
|  15|0x0000000084900000, 0x0000000084a00000, 0x0000000084a00000|100%| O|  |TAMS 0x0000000084900000| PB 0x0000000084900000| Untracked 
|  16|0x0000000084a00000, 0x0000000084b00000, 0x0000000084b00000|100%| O|  |TAMS 0x0000000084a00000| PB 0x0000000084a00000| Untracked 
|  17|0x0000000084b00000, 0x0000000084c00000, 0x0000000084c00000|100%| O|  |TAMS 0x0000000084b00000| PB 0x0000000084b00000| Untracked 
|  18|0x0000000084c00000, 0x0000000084d00000, 0x0000000084d00000|100%| O|  |TAMS 0x0000000084c00000| PB 0x0000000084c00000| Untracked 
|  19|0x0000000084d00000, 0x0000000084e00000, 0x0000000084e00000|100%| O|  |TAMS 0x0000000084d00000| PB 0x0000000084d00000| Untracked 
|  20|0x0000000084e00000, 0x0000000084f00000, 0x0000000084f00000|100%| O|  |TAMS 0x0000000084e00000| PB 0x0000000084e00000| Untracked 
|  21|0x0000000084f00000, 0x0000000085000000, 0x0000000085000000|100%| O|  |TAMS 0x0000000084f00000| PB 0x0000000084f00000| Untracked 
|  22|0x0000000085000000, 0x0000000085100000, 0x0000000085100000|100%| O|  |TAMS 0x0000000085000000| PB 0x0000000085000000| Untracked 
|  23|0x0000000085100000, 0x00000000851b1080, 0x0000000085200000| 69%| O|  |TAMS 0x0000000085100000| PB 0x0000000085100000| Untracked 
|  24|0x0000000085200000, 0x0000000085200000, 0x0000000085300000|  0%| F|  |TAMS 0x0000000085200000| PB 0x0000000085200000| Untracked 
|  25|0x0000000085300000, 0x0000000085300000, 0x0000000085400000|  0%| F|  |TAMS 0x0000000085300000| PB 0x0000000085300000| Untracked 
|  26|0x0000000085400000, 0x0000000085447a60, 0x0000000085500000| 27%| S|CS|TAMS 0x0000000085400000| PB 0x0000000085400000| Complete 
|  27|0x0000000085500000, 0x0000000085600000, 0x0000000085600000|100%| S|CS|TAMS 0x0000000085500000| PB 0x0000000085500000| Complete 
|  28|0x0000000085600000, 0x0000000085700000, 0x0000000085700000|100%| S|CS|TAMS 0x0000000085600000| PB 0x0000000085600000| Complete 
|  29|0x0000000085700000, 0x0000000085800000, 0x0000000085800000|100%| S|CS|TAMS 0x0000000085700000| PB 0x0000000085700000| Complete 
|  30|0x0000000085800000, 0x0000000085900000, 0x0000000085900000|100%| S|CS|TAMS 0x0000000085800000| PB 0x0000000085800000| Complete 
|  31|0x0000000085900000, 0x0000000085900000, 0x0000000085a00000|  0%| F|  |TAMS 0x0000000085900000| PB 0x0000000085900000| Untracked 
|  32|0x0000000085a00000, 0x0000000085a00000, 0x0000000085b00000|  0%| F|  |TAMS 0x0000000085a00000| PB 0x0000000085a00000| Untracked 
|  33|0x0000000085b00000, 0x0000000085b00000, 0x0000000085c00000|  0%| F|  |TAMS 0x0000000085b00000| PB 0x0000000085b00000| Untracked 
|  34|0x0000000085c00000, 0x0000000085c00000, 0x0000000085d00000|  0%| F|  |TAMS 0x0000000085c00000| PB 0x0000000085c00000| Untracked 
|  35|0x0000000085d00000, 0x0000000085d00000, 0x0000000085e00000|  0%| F|  |TAMS 0x0000000085d00000| PB 0x0000000085d00000| Untracked 
|  36|0x0000000085e00000, 0x0000000085e00000, 0x0000000085f00000|  0%| F|  |TAMS 0x0000000085e00000| PB 0x0000000085e00000| Untracked 
|  37|0x0000000085f00000, 0x0000000085f00000, 0x0000000086000000|  0%| F|  |TAMS 0x0000000085f00000| PB 0x0000000085f00000| Untracked 
|  38|0x0000000086000000, 0x0000000086000000, 0x0000000086100000|  0%| F|  |TAMS 0x0000000086000000| PB 0x0000000086000000| Untracked 
|  39|0x0000000086100000, 0x0000000086100000, 0x0000000086200000|  0%| F|  |TAMS 0x0000000086100000| PB 0x0000000086100000| Untracked 
|  40|0x0000000086200000, 0x0000000086200000, 0x0000000086300000|  0%| F|  |TAMS 0x0000000086200000| PB 0x0000000086200000| Untracked 
|  41|0x0000000086300000, 0x0000000086300000, 0x0000000086400000|  0%| F|  |TAMS 0x0000000086300000| PB 0x0000000086300000| Untracked 
|  42|0x0000000086400000, 0x0000000086400000, 0x0000000086500000|  0%| F|  |TAMS 0x0000000086400000| PB 0x0000000086400000| Untracked 
|  43|0x0000000086500000, 0x0000000086600000, 0x0000000086600000|100%| E|  |TAMS 0x0000000086500000| PB 0x0000000086500000| Complete 
|  44|0x0000000086600000, 0x0000000086700000, 0x0000000086700000|100%| E|CS|TAMS 0x0000000086600000| PB 0x0000000086600000| Complete 
|  45|0x0000000086700000, 0x0000000086800000, 0x0000000086800000|100%| E|CS|TAMS 0x0000000086700000| PB 0x0000000086700000| Complete 
|  46|0x0000000086800000, 0x0000000086900000, 0x0000000086900000|100%| E|CS|TAMS 0x0000000086800000| PB 0x0000000086800000| Complete 
|  47|0x0000000086900000, 0x0000000086a00000, 0x0000000086a00000|100%| E|CS|TAMS 0x0000000086900000| PB 0x0000000086900000| Complete 
|  48|0x0000000086a00000, 0x0000000086b00000, 0x0000000086b00000|100%| E|CS|TAMS 0x0000000086a00000| PB 0x0000000086a00000| Complete 
|  49|0x0000000086b00000, 0x0000000086c00000, 0x0000000086c00000|100%| E|CS|TAMS 0x0000000086b00000| PB 0x0000000086b00000| Complete 
|  50|0x0000000086c00000, 0x0000000086d00000, 0x0000000086d00000|100%| E|CS|TAMS 0x0000000086c00000| PB 0x0000000086c00000| Complete 
|  51|0x0000000086d00000, 0x0000000086e00000, 0x0000000086e00000|100%| E|CS|TAMS 0x0000000086d00000| PB 0x0000000086d00000| Complete 
|  52|0x0000000086e00000, 0x0000000086f00000, 0x0000000086f00000|100%| E|CS|TAMS 0x0000000086e00000| PB 0x0000000086e00000| Complete 
|  53|0x0000000086f00000, 0x0000000087000000, 0x0000000087000000|100%| E|CS|TAMS 0x0000000086f00000| PB 0x0000000086f00000| Complete 
|  54|0x0000000087000000, 0x0000000087100000, 0x0000000087100000|100%| E|CS|TAMS 0x0000000087000000| PB 0x0000000087000000| Complete 
|  55|0x0000000087100000, 0x0000000087200000, 0x0000000087200000|100%| E|CS|TAMS 0x0000000087100000| PB 0x0000000087100000| Complete 
|  56|0x0000000087200000, 0x0000000087300000, 0x0000000087300000|100%| E|CS|TAMS 0x0000000087200000| PB 0x0000000087200000| Complete 
|  57|0x0000000087300000, 0x0000000087400000, 0x0000000087400000|100%| E|CS|TAMS 0x0000000087300000| PB 0x0000000087300000| Complete 
|  58|0x0000000087400000, 0x0000000087500000, 0x0000000087500000|100%| E|CS|TAMS 0x0000000087400000| PB 0x0000000087400000| Complete 
|  59|0x0000000087500000, 0x0000000087600000, 0x0000000087600000|100%| E|CS|TAMS 0x0000000087500000| PB 0x0000000087500000| Complete 
|  60|0x0000000087600000, 0x0000000087700000, 0x0000000087700000|100%| E|CS|TAMS 0x0000000087600000| PB 0x0000000087600000| Complete 
|  61|0x0000000087700000, 0x0000000087800000, 0x0000000087800000|100%| E|CS|TAMS 0x0000000087700000| PB 0x0000000087700000| Complete 
|  62|0x0000000087800000, 0x0000000087900000, 0x0000000087900000|100%| E|CS|TAMS 0x0000000087800000| PB 0x0000000087800000| Complete 
|  63|0x0000000087900000, 0x0000000087a00000, 0x0000000087a00000|100%| E|CS|TAMS 0x0000000087900000| PB 0x0000000087900000| Complete 
|  64|0x0000000087a00000, 0x0000000087b00000, 0x0000000087b00000|100%| E|CS|TAMS 0x0000000087a00000| PB 0x0000000087a00000| Complete 
|  65|0x0000000087b00000, 0x0000000087c00000, 0x0000000087c00000|100%| E|CS|TAMS 0x0000000087b00000| PB 0x0000000087b00000| Complete 
|  66|0x0000000087c00000, 0x0000000087d00000, 0x0000000087d00000|100%| E|CS|TAMS 0x0000000087c00000| PB 0x0000000087c00000| Complete 
|  67|0x0000000087d00000, 0x0000000087e00000, 0x0000000087e00000|100%| E|CS|TAMS 0x0000000087d00000| PB 0x0000000087d00000| Complete 
|  68|0x0000000087e00000, 0x0000000087f00000, 0x0000000087f00000|100%| E|CS|TAMS 0x0000000087e00000| PB 0x0000000087e00000| Complete 
|  69|0x0000000087f00000, 0x0000000088000000, 0x0000000088000000|100%| E|CS|TAMS 0x0000000087f00000| PB 0x0000000087f00000| Complete 
|  70|0x0000000088000000, 0x0000000088100000, 0x0000000088100000|100%| E|CS|TAMS 0x0000000088000000| PB 0x0000000088000000| Complete 
|  71|0x0000000088100000, 0x0000000088200000, 0x0000000088200000|100%| E|CS|TAMS 0x0000000088100000| PB 0x0000000088100000| Complete 
|  72|0x0000000088200000, 0x0000000088300000, 0x0000000088300000|100%| E|CS|TAMS 0x0000000088200000| PB 0x0000000088200000| Complete 
|  73|0x0000000088300000, 0x0000000088400000, 0x0000000088400000|100%| E|CS|TAMS 0x0000000088300000| PB 0x0000000088300000| Complete 
|  74|0x0000000088400000, 0x0000000088500000, 0x0000000088500000|100%| E|CS|TAMS 0x0000000088400000| PB 0x0000000088400000| Complete 
|  75|0x0000000088500000, 0x0000000088600000, 0x0000000088600000|100%| E|CS|TAMS 0x0000000088500000| PB 0x0000000088500000| Complete 
| 125|0x000000008b700000, 0x000000008b800000, 0x000000008b800000|100%| E|CS|TAMS 0x000000008b700000| PB 0x000000008b700000| Complete 

Card table byte_map: [0x000001a98dff0000,0x000001a98e3e0000] _byte_map_base: 0x000001a98dbd3000

Marking Bits: (CMBitMap*) 0x000001a9826aa1e0
 Bits: [0x000001a98e3e0000, 0x000001a9902f8000)

Polling page: 0x000001a9807b0000

Metaspace:

Usage:
  Non-class:     49.72 MB used.
      Class:      8.12 MB used.
       Both:     57.84 MB used.

Virtual space:
  Non-class space:       64.00 MB reserved,      50.06 MB ( 78%) committed,  1 nodes.
      Class space:        1.00 GB reserved,       8.38 MB ( <1%) committed,  1 nodes.
             Both:        1.06 GB reserved,      58.44 MB (  5%) committed. 

Chunk freelists:
   Non-Class:  13.92 MB
       Class:  7.51 MB
        Both:  21.44 MB

MaxMetaspaceSize: unlimited
CompressedClassSpaceSize: 1.00 GB
Initial GC threshold: 21.00 MB
Current GC threshold: 59.06 MB
CDS: on
 - commit_granule_bytes: 65536.
 - commit_granule_words: 8192.
 - virtual_space_node_default_size: 8388608.
 - enlarge_chunks_in_place: 1.
 - use_allocation_guard: 0.


Internal statistics:

num_allocs_failed_limit: 6.
num_arena_births: 892.
num_arena_deaths: 0.
num_vsnodes_births: 2.
num_vsnodes_deaths: 0.
num_space_committed: 935.
num_space_uncommitted: 0.
num_chunks_returned_to_freelist: 6.
num_chunks_taken_from_freelist: 3130.
num_chunk_merges: 6.
num_chunk_splits: 2255.
num_chunks_enlarged: 1747.
num_inconsistent_stats: 0.

CodeCache: size=49152Kb used=11143Kb max_used=11143Kb free=38008Kb
 bounds [0x000001a98aaf0000, 0x000001a98b5e0000, 0x000001a98daf0000]
 total_blobs=6993 nmethods=6333 adapters=583
 compilation: enabled
              stopped_count=0, restarted_count=0
 full_count=0

Compilation events (20 events):
Event: 7.908 Thread 0x000001a992dfdf10 6373       1       org.springframework.beans.factory.annotation.QualifierAnnotationAutowireCandidateResolver::findValue (29 bytes)
Event: 7.909 Thread 0x000001a992dfdf10 nmethod 6373 0x000001a98b5cdc10 code [0x000001a98b5cde40, 0x000001a98b5ce2e0]
Event: 7.919 Thread 0x000001a992dfdf10 6375       1       java.util.concurrent.ConcurrentHashMap$KeySetView::iterator (34 bytes)
Event: 7.919 Thread 0x000001a992dfdf10 nmethod 6375 0x000001a98b5ce590 code [0x000001a98b5ce740, 0x000001a98b5ce960]
Event: 7.919 Thread 0x000001a992dfdf10 6376       1       java.util.concurrent.ConcurrentHashMap$KeyIterator::<init> (12 bytes)
Event: 7.920 Thread 0x000001a992dfdf10 nmethod 6376 0x000001a98b5cea90 code [0x000001a98b5cec40, 0x000001a98b5ceda8]
Event: 7.936 Thread 0x000001a992dfdf10 6377       1       org.springframework.core.ResolvableType::forMethodParameter (23 bytes)
Event: 7.937 Thread 0x000001a992dfdf10 nmethod 6377 0x000001a98b5cee90 code [0x000001a98b5cf0a0, 0x000001a98b5cf5f8]
Event: 7.939 Thread 0x000001a992dfdf10 6378       1       org.springframework.core.io.ResourceEditor::<init> (8 bytes)
Event: 7.939 Thread 0x000001a992dfdf10 nmethod 6378 0x000001a98b5cf910 code [0x000001a98b5cfac0, 0x000001a98b5cfd60]
Event: 7.939 Thread 0x000001a992dfdf10 6379       1       org.springframework.core.io.ResourceEditor::<init> (26 bytes)
Event: 7.939 Thread 0x000001a992dfdf10 nmethod 6379 0x000001a98b5cfe90 code [0x000001a98b5d0040, 0x000001a98b5d02e0]
Event: 7.943 Thread 0x000001a992dfdf10 6380       1       org.springframework.core.BridgeMethodResolver::isResolvedTypeMatch (107 bytes)
Event: 7.944 Thread 0x000001a992dfdf10 nmethod 6380 0x000001a98b5d0390 code [0x000001a98b5d0640, 0x000001a98b5d0dc8]
Event: 7.948 Thread 0x000001a992dfdf10 6381       1       org.springframework.beans.factory.support.DefaultSingletonBeanRegistry::beforeSingletonCreation (36 bytes)
Event: 7.948 Thread 0x000001a992dfdf10 nmethod 6381 0x000001a98b5d1310 code [0x000001a98b5d14e0, 0x000001a98b5d16e0]
Event: 7.956 Thread 0x000001a992dfdf10 6382       1       java.lang.invoke.BoundMethodHandle::copyWith (7 bytes)
Event: 7.956 Thread 0x000001a992dfdf10 nmethod 6382 0x000001a98b5d1810 code [0x000001a98b5d19c0, 0x000001a98b5d1ab0]
Event: 7.970 Thread 0x000001a992dfdf10 6383       1       org.springframework.core.SerializableTypeWrapper$MethodInvokeTypeProvider::<init> (36 bytes)
Event: 7.970 Thread 0x000001a992dfdf10 nmethod 6383 0x000001a98b5d1b10 code [0x000001a98b5d1cc0, 0x000001a98b5d1f00]

GC Heap History (18 events):
Event: 0.956 GC heap before
{Heap before GC invocations=0 (full 0):
 garbage-first heap   total 129024K, used 24576K [0x0000000083a00000, 0x0000000100000000)
  region size 1024K, 23 young (23552K), 0 survivors (0K)
 Metaspace       used 5882K, committed 6144K, reserved 1114112K
  class space    used 775K, committed 896K, reserved 1048576K
}
Event: 0.963 GC heap after
{Heap after GC invocations=1 (full 0):
 garbage-first heap   total 129024K, used 8129K [0x0000000083a00000, 0x0000000100000000)
  region size 1024K, 3 young (3072K), 3 survivors (3072K)
 Metaspace       used 5882K, committed 6144K, reserved 1114112K
  class space    used 775K, committed 896K, reserved 1048576K
}
Event: 1.454 GC heap before
{Heap before GC invocations=1 (full 0):
 garbage-first heap   total 129024K, used 34753K [0x0000000083a00000, 0x0000000100000000)
  region size 1024K, 30 young (30720K), 3 survivors (3072K)
 Metaspace       used 12306K, committed 12672K, reserved 1114112K
  class space    used 1627K, committed 1792K, reserved 1048576K
}
Event: 1.460 GC heap after
{Heap after GC invocations=2 (full 0):
 garbage-first heap   total 129024K, used 10953K [0x0000000083a00000, 0x0000000100000000)
  region size 1024K, 3 young (3072K), 3 survivors (3072K)
 Metaspace       used 12306K, committed 12672K, reserved 1114112K
  class space    used 1627K, committed 1792K, reserved 1048576K
}
Event: 2.859 GC heap before
{Heap before GC invocations=2 (full 0):
 garbage-first heap   total 129024K, used 74441K [0x0000000083a00000, 0x0000000100000000)
  region size 1024K, 66 young (67584K), 3 survivors (3072K)
 Metaspace       used 21082K, committed 21504K, reserved 1114112K
  class space    used 2866K, committed 3072K, reserved 1048576K
}
Event: 2.871 GC heap after
{Heap after GC invocations=3 (full 0):
 garbage-first heap   total 129024K, used 16917K [0x0000000083a00000, 0x0000000100000000)
  region size 1024K, 9 young (9216K), 9 survivors (9216K)
 Metaspace       used 21082K, committed 21504K, reserved 1114112K
  class space    used 2866K, committed 3072K, reserved 1048576K
}
Event: 3.573 GC heap before
{Heap before GC invocations=4 (full 0):
 garbage-first heap   total 65536K, used 46613K [0x0000000083a00000, 0x0000000100000000)
  region size 1024K, 38 young (38912K), 9 survivors (9216K)
 Metaspace       used 26411K, committed 26944K, reserved 1114112K
  class space    used 3614K, committed 3840K, reserved 1048576K
}
Event: 3.588 GC heap after
{Heap after GC invocations=5 (full 0):
 garbage-first heap   total 65536K, used 19823K [0x0000000083a00000, 0x0000000100000000)
  region size 1024K, 4 young (4096K), 4 survivors (4096K)
 Metaspace       used 26411K, committed 26944K, reserved 1114112K
  class space    used 3614K, committed 3840K, reserved 1048576K
}
Event: 4.231 GC heap before
{Heap before GC invocations=5 (full 0):
 garbage-first heap   total 65536K, used 50543K [0x0000000083a00000, 0x0000000100000000)
  region size 1024K, 34 young (34816K), 4 survivors (4096K)
 Metaspace       used 31722K, committed 32256K, reserved 1114112K
  class space    used 4399K, committed 4608K, reserved 1048576K
}
Event: 4.237 GC heap after
{Heap after GC invocations=6 (full 0):
 garbage-first heap   total 65536K, used 21191K [0x0000000083a00000, 0x0000000100000000)
  region size 1024K, 2 young (2048K), 2 survivors (2048K)
 Metaspace       used 31722K, committed 32256K, reserved 1114112K
  class space    used 4399K, committed 4608K, reserved 1048576K
}
Event: 4.615 GC heap before
{Heap before GC invocations=6 (full 0):
 garbage-first heap   total 65536K, used 38599K [0x0000000083a00000, 0x0000000100000000)
  region size 1024K, 20 young (20480K), 2 survivors (2048K)
 Metaspace       used 35541K, committed 36096K, reserved 1114112K
  class space    used 4982K, committed 5248K, reserved 1048576K
}
Event: 4.619 GC heap after
{Heap after GC invocations=7 (full 0):
 garbage-first heap   total 65536K, used 21702K [0x0000000083a00000, 0x0000000100000000)
  region size 1024K, 3 young (3072K), 3 survivors (3072K)
 Metaspace       used 35541K, committed 36096K, reserved 1114112K
  class space    used 4982K, committed 5248K, reserved 1048576K
}
Event: 5.607 GC heap before
{Heap before GC invocations=8 (full 0):
 garbage-first heap   total 65536K, used 54470K [0x0000000083a00000, 0x0000000100000000)
  region size 1024K, 35 young (35840K), 3 survivors (3072K)
 Metaspace       used 43036K, committed 43648K, reserved 1114112K
  class space    used 5915K, committed 6208K, reserved 1048576K
}
Event: 5.612 GC heap after
{Heap after GC invocations=9 (full 0):
 garbage-first heap   total 78848K, used 24506K [0x0000000083a00000, 0x0000000100000000)
  region size 1024K, 5 young (5120K), 5 survivors (5120K)
 Metaspace       used 43036K, committed 43648K, reserved 1114112K
  class space    used 5915K, committed 6208K, reserved 1048576K
}
Event: 6.347 GC heap before
{Heap before GC invocations=9 (full 0):
 garbage-first heap   total 78848K, used 66490K [0x0000000083a00000, 0x0000000100000000)
  region size 1024K, 46 young (47104K), 5 survivors (5120K)
 Metaspace       used 49408K, committed 50048K, reserved 1114112K
  class space    used 6976K, committed 7296K, reserved 1048576K
}
Event: 6.354 GC heap after
{Heap after GC invocations=10 (full 0):
 garbage-first heap   total 78848K, used 25666K [0x0000000083a00000, 0x0000000100000000)
  region size 1024K, 5 young (5120K), 5 survivors (5120K)
 Metaspace       used 49408K, committed 50048K, reserved 1114112K
  class space    used 6976K, committed 7296K, reserved 1048576K
}
Event: 7.290 GC heap before
{Heap before GC invocations=10 (full 0):
 garbage-first heap   total 78848K, used 67650K [0x0000000083a00000, 0x0000000100000000)
  region size 1024K, 46 young (47104K), 5 survivors (5120K)
 Metaspace       used 56276K, committed 56896K, reserved 1114112K
  class space    used 7910K, committed 8192K, reserved 1048576K
}
Event: 7.297 GC heap after
{Heap after GC invocations=11 (full 0):
 garbage-first heap   total 78848K, used 28642K [0x0000000083a00000, 0x0000000100000000)
  region size 1024K, 5 young (5120K), 5 survivors (5120K)
 Metaspace       used 56276K, committed 56896K, reserved 1114112K
  class space    used 7910K, committed 8192K, reserved 1048576K
}

Dll operation events (10 events):
Event: 0.015 Loaded shared library C:\Program Files\Java\jdk-21\bin\java.dll
Event: 0.192 Loaded shared library C:\Program Files\Java\jdk-21\bin\net.dll
Event: 0.195 Loaded shared library C:\Program Files\Java\jdk-21\bin\nio.dll
Event: 0.200 Loaded shared library C:\Program Files\Java\jdk-21\bin\zip.dll
Event: 0.307 Loaded shared library C:\Program Files\Java\jdk-21\bin\jimage.dll
Event: 1.639 Loaded shared library C:\Program Files\Java\jdk-21\bin\sunmscapi.dll
Event: 3.605 Loaded shared library C:\Program Files\Java\jdk-21\bin\management.dll
Event: 3.609 Loaded shared library C:\Program Files\Java\jdk-21\bin\management_ext.dll
Event: 4.285 Loaded shared library C:\Program Files\Java\jdk-21\bin\verify.dll
Event: 4.742 Loaded shared library C:\Program Files\Java\jdk-21\bin\extnet.dll

Deoptimization events (2 events):
Event: 3.107 Thread 0x000001a9803ad800 DEOPT PACKING pc=0x000001a98b0a678c sp=0x00000010be8fbf30
Event: 3.107 Thread 0x000001a9803ad800 DEOPT UNPACKING pc=0x000001a98ab488e2 sp=0x00000010be8fb3e8 mode 0

Classes loaded (20 events):
Event: 7.639 Loading class javax/crypto/JceSecurity$3
Event: 7.639 Loading class javax/crypto/JceSecurity$3 done
Event: 7.639 Loading class java/lang/Class$Holder
Event: 7.639 Loading class java/lang/Class$Holder done
Event: 7.639 Loading class java/security/AllPermissionCollection
Event: 7.639 Loading class java/security/AllPermissionCollection done
Event: 7.639 Loading class javax/crypto/ProviderVerifier
Event: 7.640 Loading class javax/crypto/ProviderVerifier done
Event: 7.640 Loading class javax/crypto/ProviderVerifier$1
Event: 7.640 Loading class javax/crypto/ProviderVerifier$1 done
Event: 7.640 Loading class com/sun/crypto/provider/PBKDF2Core$HmacSHA256
Event: 7.641 Loading class com/sun/crypto/provider/PBKDF2Core
Event: 7.641 Loading class javax/crypto/SecretKeyFactorySpi
Event: 7.641 Loading class javax/crypto/SecretKeyFactorySpi done
Event: 7.641 Loading class com/sun/crypto/provider/PBKDF2Core done
Event: 7.641 Loading class com/sun/crypto/provider/PBKDF2Core$HmacSHA256 done
Event: 7.977 Loading class java/util/regex/PatternSyntaxException
Event: 7.977 Loading class java/util/regex/PatternSyntaxException done
Event: 7.986 Loading class java/util/Comparators$NullComparator
Event: 7.987 Loading class java/util/Comparators$NullComparator done

Classes unloaded (0 events):
No events

Classes redefined (0 events):
No events

Internal exceptions (20 events):
Event: 6.433 Thread 0x000001a9803ad800 Exception <a 'java/lang/NoSuchMethodError'{0x00000000884f5a88}: 'java.lang.Object java.lang.invoke.DirectMethodHandle$Holder.newInvokeSpecial(java.lang.Object, java.lang.Object, int)'> (0x00000000884f5a88) 
thrown [s\open\src\hotspot\share\interpreter\linkResolver.cpp, line 773]
Event: 6.470 Thread 0x000001a9803ad800 Exception <a 'java/lang/NoSuchMethodError'{0x00000000882860d8}: 'int java.lang.invoke.DirectMethodHandle$Holder.invokeStatic(java.lang.Object, int, java.lang.Object)'> (0x00000000882860d8) 
thrown [s\open\src\hotspot\share\interpreter\linkResolver.cpp, line 773]
Event: 6.472 Thread 0x000001a9803ad800 Exception <a 'java/lang/NoSuchMethodError'{0x00000000882a7f30}: 'java.lang.Object java.lang.invoke.DirectMethodHandle$Holder.newInvokeSpecial(java.lang.Object, java.lang.Object, java.lang.Object, java.lang.Object, java.lang.Object, int, java.lang.Object)'> (0x00000000882a7f30) 
thrown [s\open\src\hotspot\share\interpreter\linkResolver.cpp, line 773]
Event: 6.475 Thread 0x000001a9803ad800 Exception <a 'java/lang/NoSuchMethodError'{0x00000000882dfee0}: 'java.lang.Object java.lang.invoke.DirectMethodHandle$Holder.newInvokeSpecial(java.lang.Object, java.lang.Object, java.lang.Object, java.lang.Object, java.lang.Object, java.lang.Object, java.lang.Object, java.lang.Object, java.lang.Object, java.lang.Object, java.lang.Object, java.lang.Object)'> (0x00000000882dfee0) 
thrown [s\open\src\hotspot\share\interpreter\linkResolver.cpp, line 773]
Event: 6.475 Thread 0x000001a9803ad800 Exception <a 'java/lang/NoSuchMethodError'{0x00000000882e4748}: 'java.lang.Object java.lang.invoke.DirectMethodHandle$Holder.invokeSpecial(java.lang.Object, java.lang.Object, java.lang.Object, java.lang.Object, java.lang.Object, java.lang.Object, java.lang.Object, java.lang.Object, java.lang.Object, java.lang.Object, java.lang.Object, java.lang.Object, java.lang.Object)'> (0x00000000882e4748) 
thrown [s\open\src\hotspot\share\interpreter\linkResolver.cpp, line 773]
Event: 6.475 Thread 0x000001a9803ad800 Exception <a 'java/lang/NoSuchMethodError'{0x00000000882e8c30}: 'java.lang.Object java.lang.invoke.Invokers$Holder.linkToTargetMethod(java.lang.Object, java.lang.Object, java.lang.Object, java.lang.Object, java.lang.Object, java.lang.Object, java.lang.Object, java.lang.Object, java.lang.Object, java.lang.Object, java.lang.Object, java.lang.Object)'> (0x00000000882e8c30) 
thrown [s\open\src\hotspot\share\interpreter\linkResolver.cpp, line 773]
Event: 6.491 Thread 0x000001a9803ad800 Exception <a 'java/lang/IncompatibleClassChangeError'{0x00000000881a5940}: Found class java.lang.Object, but interface was expected> (0x00000000881a5940) 
thrown [s\open\src\hotspot\share\interpreter\linkResolver.cpp, line 840]
Event: 6.518 Thread 0x000001a9803ad800 Exception <a 'java/lang/IncompatibleClassChangeError'{0x00000000880ed568}: Found class java.lang.Object, but interface was expected> (0x00000000880ed568) 
thrown [s\open\src\hotspot\share\interpreter\linkResolver.cpp, line 840]
Event: 6.531 Thread 0x000001a9803ad800 Exception <a 'java/lang/NoSuchMethodError'{0x0000000087f75b78}: 'java.lang.Object java.lang.invoke.DirectMethodHandle$Holder.newInvokeSpecial(java.lang.Object, java.lang.Object, java.lang.Object, java.lang.Object, java.lang.Object, java.lang.Object, java.lang.Object, int)'> (0x0000000087f75b78) 
thrown [s\open\src\hotspot\share\interpreter\linkResolver.cpp, line 773]
Event: 6.531 Thread 0x000001a9803ad800 Exception <a 'java/lang/NoSuchMethodError'{0x0000000087f7a0a8}: 'java.lang.Object java.lang.invoke.DirectMethodHandle$Holder.invokeSpecial(java.lang.Object, java.lang.Object, java.lang.Object, java.lang.Object, java.lang.Object, java.lang.Object, java.lang.Object, java.lang.Object, int)'> (0x0000000087f7a0a8) 
thrown [s\open\src\hotspot\share\interpreter\linkResolver.cpp, line 773]
Event: 6.531 Thread 0x000001a9803ad800 Exception <a 'java/lang/NoSuchMethodError'{0x0000000087f7e0d0}: 'java.lang.Object java.lang.invoke.Invokers$Holder.linkToTargetMethod(java.lang.Object, java.lang.Object, java.lang.Object, java.lang.Object, java.lang.Object, java.lang.Object, int, java.lang.Object)'> (0x0000000087f7e0d0) 
thrown [s\open\src\hotspot\share\interpreter\linkResolver.cpp, line 773]
Event: 6.565 Thread 0x000001a9803ad800 Exception <a 'java/lang/NoSuchMethodError'{0x0000000087e8bcc0}: 'void java.lang.invoke.DirectMethodHandle$Holder.invokeInterface(java.lang.Object, java.lang.Object)'> (0x0000000087e8bcc0) 
thrown [s\open\src\hotspot\share\interpreter\linkResolver.cpp, line 773]
Event: 6.862 Thread 0x000001a9803ad800 Exception <a 'java/lang/IncompatibleClassChangeError'{0x00000000874318e8}: Found class java.lang.Object, but interface was expected> (0x00000000874318e8) 
thrown [s\open\src\hotspot\share\interpreter\linkResolver.cpp, line 840]
Event: 6.895 Thread 0x000001a9803ad800 Exception <a 'java/lang/IncompatibleClassChangeError'{0x000000008721c7d8}: Found class java.lang.Object, but interface was expected> (0x000000008721c7d8) 
thrown [s\open\src\hotspot\share\interpreter\linkResolver.cpp, line 840]
Event: 7.021 Thread 0x000001a9803ad800 Exception <a 'java/lang/IncompatibleClassChangeError'{0x0000000086cf7ad8}: Found class java.lang.Object, but interface was expected> (0x0000000086cf7ad8) 
thrown [s\open\src\hotspot\share\interpreter\linkResolver.cpp, line 840]
Event: 7.117 Thread 0x000001a9803ad800 Exception <a 'java/lang/IncompatibleClassChangeError'{0x000000008680f7f0}: Found class java.lang.Object, but interface was expected> (0x000000008680f7f0) 
thrown [s\open\src\hotspot\share\interpreter\linkResolver.cpp, line 840]
Event: 7.316 Thread 0x000001a9803ad800 Exception <a 'java/lang/NoSuchMethodError'{0x0000000088570190}: 'int java.lang.invoke.DirectMethodHandle$Holder.invokeStaticInit(java.lang.Object, int, java.lang.Object, java.lang.Object, java.lang.Object, java.lang.Object)'> (0x0000000088570190) 
thrown [s\open\src\hotspot\share\interpreter\linkResolver.cpp, line 773]
Event: 7.448 Thread 0x000001a9803ad800 Exception <a 'sun/nio/fs/WindowsException'{0x0000000087bf7bb0}> (0x0000000087bf7bb0) 
thrown [s\open\src\hotspot\share\prims\jni.cpp, line 520]
Event: 7.581 Thread 0x000001a9803ad800 Exception <a 'java/lang/NoSuchMethodError'{0x0000000087279b90}: 'java.lang.Object java.lang.invoke.DirectMethodHandle$Holder.newInvokeSpecial(java.lang.Object, java.lang.Object, java.lang.Object, java.lang.Object, java.lang.Object, java.lang.Object, java.lang.Object, java.lang.Object)'> (0x0000000087279b90) 
thrown [s\open\src\hotspot\share\interpreter\linkResolver.cpp, line 773]
Event: 7.629 Thread 0x000001a9803ad800 Exception <a 'sun/nio/fs/WindowsException'{0x00000000870a2d18}> (0x00000000870a2d18) 
thrown [s\open\src\hotspot\share\prims\jni.cpp, line 520]

ZGC Phase Switch (0 events):
No events

VM Operations (20 events):
Event: 6.640 Executing VM operation: HandshakeAllThreads (Deoptimize)
Event: 6.640 Executing VM operation: HandshakeAllThreads (Deoptimize) done
Event: 6.714 Executing VM operation: HandshakeAllThreads (Deoptimize)
Event: 6.714 Executing VM operation: HandshakeAllThreads (Deoptimize) done
Event: 7.032 Executing VM operation: HandshakeAllThreads (Deoptimize)
Event: 7.032 Executing VM operation: HandshakeAllThreads (Deoptimize) done
Event: 7.033 Executing VM operation: HandshakeAllThreads (Deoptimize)
Event: 7.033 Executing VM operation: HandshakeAllThreads (Deoptimize) done
Event: 7.290 Executing VM operation: G1CollectForAllocation (G1 Evacuation Pause)
Event: 7.297 Executing VM operation: G1CollectForAllocation (G1 Evacuation Pause) done
Event: 7.625 Executing VM operation: HandshakeAllThreads (Deoptimize)
Event: 7.625 Executing VM operation: HandshakeAllThreads (Deoptimize) done
Event: 7.631 Executing VM operation: HandshakeAllThreads (Deoptimize)
Event: 7.631 Executing VM operation: HandshakeAllThreads (Deoptimize) done
Event: 7.638 Executing VM operation: HandshakeAllThreads (Deoptimize)
Event: 7.638 Executing VM operation: HandshakeAllThreads (Deoptimize) done
Event: 7.960 Executing VM operation: HandshakeAllThreads (Deoptimize)
Event: 7.960 Executing VM operation: HandshakeAllThreads (Deoptimize) done
Event: 7.972 Executing VM operation: HandshakeAllThreads (Deoptimize)
Event: 7.972 Executing VM operation: HandshakeAllThreads (Deoptimize) done

Events (20 events):
Event: 4.638 Thread 0x000001a992dc6ad0 flushing nmethod 0x000001a98b056790
Event: 4.638 Thread 0x000001a992dc6ad0 flushing nmethod 0x000001a98ac28010
Event: 4.638 Thread 0x000001a992dc6ad0 flushing nmethod 0x000001a98ac2ae90
Event: 4.638 Thread 0x000001a992dc6ad0 flushing nmethod 0x000001a98ac2b890
Event: 4.638 Thread 0x000001a992dc6ad0 flushing nmethod 0x000001a98ac62f90
Event: 4.638 Thread 0x000001a992dc6ad0 flushing nmethod 0x000001a98ac75a90
Event: 4.638 Thread 0x000001a992dc6ad0 flushing nmethod 0x000001a98acbbf10
Event: 4.638 Thread 0x000001a992dc6ad0 flushing nmethod 0x000001a98acbf590
Event: 4.638 Thread 0x000001a992dc6ad0 flushing nmethod 0x000001a98acf8890
Event: 4.638 Thread 0x000001a992dc6ad0 flushing nmethod 0x000001a98acf8c10
Event: 4.638 Thread 0x000001a992dc6ad0 flushing nmethod 0x000001a98ad30090
Event: 4.638 Thread 0x000001a992dc6ad0 flushing nmethod 0x000001a98ae31a90
Event: 4.638 Thread 0x000001a992dc6ad0 flushing nmethod 0x000001a98ae91e10
Event: 4.638 Thread 0x000001a992dc6ad0 flushing nmethod 0x000001a98b0db190
Event: 4.638 Thread 0x000001a992dc6ad0 flushing nmethod 0x000001a98b00c590
Event: 4.638 Thread 0x000001a992dc6ad0 flushing nmethod 0x000001a98b01b310
Event: 4.638 Thread 0x000001a992dc6ad0 flushing nmethod 0x000001a98b0fc810
Event: 4.988 Thread 0x000001a9d9b725e0 Thread added: 0x000001a9d9b725e0
Event: 5.097 Thread 0x000001a9d9c15250 Thread added: 0x000001a9d9c15250
Event: 7.518 Thread 0x000001a9dac7a490 Thread added: 0x000001a9dac7a490


Dynamic libraries:
0x00007ff6604b0000 - 0x00007ff6604c0000 	C:\Program Files\Java\jdk-21\bin\java.exe
0x00007ffb15c00000 - 0x00007ffb15e67000 	C:\WINDOWS\SYSTEM32\ntdll.dll
0x00007ffb15400000 - 0x00007ffb154ca000 	C:\WINDOWS\System32\KERNEL32.DLL
0x00007ffb12e10000 - 0x00007ffb13212000 	C:\WINDOWS\System32\KERNELBASE.dll
0x00007ffb13620000 - 0x00007ffb1376c000 	C:\WINDOWS\System32\ucrtbase.dll
0x00007ffafc6c0000 - 0x00007ffafc6db000 	C:\Program Files\Java\jdk-21\bin\VCRUNTIME140.dll
0x00007ffaf40c0000 - 0x00007ffaf40d9000 	C:\Program Files\Java\jdk-21\bin\jli.dll
0x00007ffb15500000 - 0x00007ffb155bc000 	C:\WINDOWS\System32\ADVAPI32.dll
0x00007ffb14500000 - 0x00007ffb145a9000 	C:\WINDOWS\System32\msvcrt.dll
0x00007ffb14bb0000 - 0x00007ffb14c59000 	C:\WINDOWS\System32\sechost.dll
0x00007ffb14690000 - 0x00007ffb147a8000 	C:\WINDOWS\System32\RPCRT4.dll
0x00007ffb13a30000 - 0x00007ffb13bff000 	C:\WINDOWS\System32\USER32.dll
0x00007ffb13840000 - 0x00007ffb13867000 	C:\WINDOWS\System32\win32u.dll
0x00007ffafdd00000 - 0x00007ffafdf90000 	C:\WINDOWS\WinSxS\amd64_microsoft.windows.common-controls_6595b64144ccf1df_6.0.26100.9278_none_3e0d1ba8e3303201\COMCTL32.dll
0x00007ffb154d0000 - 0x00007ffb154fb000 	C:\WINDOWS\System32\GDI32.dll
0x00007ffb13220000 - 0x00007ffb13349000 	C:\WINDOWS\System32\gdi32full.dll
0x00007ffb13570000 - 0x00007ffb13613000 	C:\WINDOWS\System32\msvcp_win.dll
0x00007ffb0b720000 - 0x00007ffb0b72b000 	C:\WINDOWS\SYSTEM32\VERSION.dll
0x00007ffb14b70000 - 0x00007ffb14ba1000 	C:\WINDOWS\System32\IMM32.DLL
0x00007ffb04870000 - 0x00007ffb0487c000 	C:\Program Files\Java\jdk-21\bin\vcruntime140_1.dll
0x00007ffaec110000 - 0x00007ffaec19e000 	C:\Program Files\Java\jdk-21\bin\msvcp140.dll
0x00007ffa6d310000 - 0x00007ffa6e02d000 	C:\Program Files\Java\jdk-21\bin\server\jvm.dll
0x00007ffb14290000 - 0x00007ffb14310000 	C:\WINDOWS\System32\WS2_32.dll
0x00007ffb12c70000 - 0x00007ffb12cce000 	C:\WINDOWS\SYSTEM32\POWRPROF.dll
0x00007ffaffc20000 - 0x00007ffaffc56000 	C:\WINDOWS\SYSTEM32\WINMM.dll
0x00007ffb12c50000 - 0x00007ffb12c65000 	C:\WINDOWS\SYSTEM32\UMPDC.dll
0x00007ffb11ae0000 - 0x00007ffb11afb000 	C:\WINDOWS\SYSTEM32\kernel.appcore.dll
0x00007ffaf7db0000 - 0x00007ffaf7dba000 	C:\Program Files\Java\jdk-21\bin\jimage.dll
0x00007ffb10570000 - 0x00007ffb107b2000 	C:\WINDOWS\SYSTEM32\DBGHELP.DLL
0x00007ffb155d0000 - 0x00007ffb15954000 	C:\WINDOWS\System32\combase.dll
0x00007ffb149d0000 - 0x00007ffb14aa9000 	C:\WINDOWS\System32\OLEAUT32.dll
0x00007ffaf7d30000 - 0x00007ffaf7d6b000 	C:\WINDOWS\SYSTEM32\dbgcore.DLL
0x00007ffb13870000 - 0x00007ffb1391c000 	C:\WINDOWS\System32\bcryptPrimitives.dll
0x00007ffaf2070000 - 0x00007ffaf208f000 	C:\Program Files\Java\jdk-21\bin\java.dll
0x00007ffb14c60000 - 0x00007ffb153f8000 	C:\WINDOWS\System32\SHELL32.dll
0x00007ffb108b0000 - 0x00007ffb1115e000 	C:\WINDOWS\SYSTEM32\windows.storage.dll
0x00007ffb13930000 - 0x00007ffb13a2b000 	C:\WINDOWS\System32\SHCORE.dll
0x00007ffb13c10000 - 0x00007ffb13c76000 	C:\WINDOWS\System32\shlwapi.dll
0x00007ffb12d30000 - 0x00007ffb12d59000 	C:\WINDOWS\SYSTEM32\profapi.dll
0x00007ffaf7d90000 - 0x00007ffaf7da0000 	C:\Program Files\Java\jdk-21\bin\net.dll
0x00007ffb0b030000 - 0x00007ffb0b15a000 	C:\WINDOWS\SYSTEM32\WINHTTP.dll
0x00007ffb120a0000 - 0x00007ffb1210c000 	C:\WINDOWS\system32\mswsock.dll
0x00007ffaf1f80000 - 0x00007ffaf1f96000 	C:\Program Files\Java\jdk-21\bin\nio.dll
0x00007ffaf1f60000 - 0x00007ffaf1f78000 	C:\Program Files\Java\jdk-21\bin\zip.dll
0x00007ffaf40b0000 - 0x00007ffaf40be000 	C:\Program Files\Java\jdk-21\bin\sunmscapi.dll
0x00007ffb133e0000 - 0x00007ffb1355e000 	C:\WINDOWS\System32\CRYPT32.dll
0x00007ffb125d0000 - 0x00007ffb12600000 	C:\WINDOWS\SYSTEM32\ncrypt.dll
0x00007ffb12580000 - 0x00007ffb125bf000 	C:\WINDOWS\SYSTEM32\NTASN1.dll
0x00007ffb12390000 - 0x00007ffb123ab000 	C:\WINDOWS\SYSTEM32\CRYPTSP.dll
0x00007ffb11a40000 - 0x00007ffb11a79000 	C:\WINDOWS\system32\rsaenh.dll
0x00007ffb12150000 - 0x00007ffb12184000 	C:\WINDOWS\SYSTEM32\USERENV.dll
0x00007ffb12d00000 - 0x00007ffb12d2a000 	C:\WINDOWS\SYSTEM32\bcrypt.dll
0x00007ffb123b0000 - 0x00007ffb123bc000 	C:\WINDOWS\SYSTEM32\CRYPTBASE.dll
0x00007ffb114b0000 - 0x00007ffb114e3000 	C:\WINDOWS\SYSTEM32\IPHLPAPI.DLL
0x00007ffb159c0000 - 0x00007ffb159ca000 	C:\WINDOWS\System32\NSI.dll
0x00007ffaf22d0000 - 0x00007ffaf22da000 	C:\Program Files\Java\jdk-21\bin\management.dll
0x00007ffaf2150000 - 0x00007ffaf215b000 	C:\Program Files\Java\jdk-21\bin\management_ext.dll
0x00007ffb15bb0000 - 0x00007ffb15bb8000 	C:\WINDOWS\System32\PSAPI.DLL
0x00007ffaf7a80000 - 0x00007ffaf7a90000 	C:\Program Files\Java\jdk-21\bin\verify.dll
0x00007ffb115a0000 - 0x00007ffb116f8000 	C:\WINDOWS\SYSTEM32\DNSAPI.dll
0x00007ffb11e80000 - 0x00007ffb11e8d000 	C:\WINDOWS\SYSTEM32\DSPARSE.dll
0x00007ffb09250000 - 0x00007ffb0925b000 	C:\Windows\System32\rasadhlp.dll
0x00007ffb09440000 - 0x00007ffb094c6000 	C:\WINDOWS\System32\fwpuclnt.dll
0x00007ffaf68a0000 - 0x00007ffaf68a9000 	C:\Program Files\Java\jdk-21\bin\extnet.dll

dbghelp: loaded successfully - version: 4.0.5 - missing functions: none
symbol engine: initialized successfully - sym options: 0x614 - pdb path: .;C:\Program Files\Java\jdk-21\bin;C:\WINDOWS\SYSTEM32;C:\WINDOWS\WinSxS\amd64_microsoft.windows.common-controls_6595b64144ccf1df_6.0.26100.9278_none_3e0d1ba8e3303201;C:\Program Files\Java\jdk-21\bin\server

VM Arguments:
jvm_args: -XX:TieredStopAtLevel=1 
java_command: com.spdpboss.spdpboss.SpdpbossApplication
java_class_path (initial): C:\Users\Lenovo\Downloads\spdpboss\target\classes;C:\Users\Lenovo\.m2\repository\org\springframework\boot\spring-boot\3.4.2\spring-boot-3.4.2.jar;C:\Users\Lenovo\.m2\repository\org\springframework\boot\spring-boot-autoconfigure\3.4.2\spring-boot-autoconfigure-3.4.2.jar;C:\Users\Lenovo\.m2\repository\ch\qos\logback\logback-classic\1.5.16\logback-classic-1.5.16.jar;C:\Users\Lenovo\.m2\repository\ch\qos\logback\logback-core\1.5.16\logback-core-1.5.16.jar;C:\Users\Lenovo\.m2\repository\org\apache\logging\log4j\log4j-to-slf4j\2.24.3\log4j-to-slf4j-2.24.3.jar;C:\Users\Lenovo\.m2\repository\org\apache\logging\log4j\log4j-api\2.24.3\log4j-api-2.24.3.jar;C:\Users\Lenovo\.m2\repository\org\slf4j\jul-to-slf4j\2.0.16\jul-to-slf4j-2.0.16.jar;C:\Users\Lenovo\.m2\repository\jakarta\annotation\jakarta.annotation-api\2.1.1\jakarta.annotation-api-2.1.1.jar;C:\Users\Lenovo\.m2\repository\org\yaml\snakeyaml\2.3\snakeyaml-2.3.jar;C:\Users\Lenovo\.m2\repository\com\fasterxml\jackson\core\jackson-databind\2.18.2\jackson-databind-2.18.2.jar;C:\Users\Lenovo\.m2\repository\com\fasterxml\jackson\core\jackson-annotations\2.18.2\jackson-annotations-2.18.2.jar;C:\Users\Lenovo\.m2\repository\com\fasterxml\jackson\core\jackson-core\2.18.2\jackson-core-2.18.2.jar;C:\Users\Lenovo\.m2\repository\com\fasterxml\jackson\datatype\jackson-datatype-jdk8\2.18.2\jackson-datatype-jdk8-2.18.2.jar;C:\Users\Lenovo\.m2\repository\com\fasterxml\jackson\datatype\jackson-datatype-jsr310\2.18.2\jackson-datatype-jsr310-2.18.2.jar;C:\Users\Lenovo\.m2\repository\com\fasterxml\jackson\module\jackson-module-parameter-names\2.18.2\jackson-module-parameter-names-2.18.2.jar;C:\Users\Lenovo\.m2\repository\org\apache\tomcat\embed\tomcat-embed-core\10.1.34\tomcat-embed-core-10.1.34.jar;C:\Users\Lenovo\.m2\repository\org\apache\tomcat\embed\tomcat-embed-el\10.1.34\tomcat-embed-el-10.1.34.jar;C:\Users\Lenovo\.m2\repository\org\apache\tomcat\embed\tomcat-embed-websocket\10.1.34\tomcat-embed-websocket-10.1.34.jar;C:\Users\Lenovo\.m2\repository\org\springframework\spring-web\6.2.2\spring-web-6.2.2.jar;C:\Users\Lenovo\.m2\repository\org\springframework\spring-beans\6.2.2\spring-beans-6.2.2.jar;C:\Users\Lenovo\.m2\repository\io\micrometer\micrometer-observation\1.14.3\micrometer-observation-1.14.3.jar;C:\Users\Lenovo\.m2\repository\io\micrometer\micrometer-commons\1.14.3\micrometer-commons-1.14.3.jar;C:\Users\Lenovo\.m2\repository\org\springframework\spring-webmvc\6.2.2\spring-webmvc-6.2.2.jar;C:\Users\Lenovo\.m2\repository\org\springframework\spring-context\6.2.2\spring-context-6.2.2.jar;C:\Users\Lenovo\.m2\repository\org\springframework\spring-expression\6.2.2\spring-expression-6.2.2.jar;C:\Users\Lenovo\.m2\repository\com\zaxxer\HikariCP\5.1.0\HikariCP-5.1.0.jar;C:\Users\Lenovo\.m2\repository\org\springframework\spring-jdbc\6.2.2\spring-jdbc-6.2.2.jar;C:\Users\Lenovo\.m2\repository\org\hibernate\orm\hibernate-core\6.6.5.Final\hibernate-core-6.6.5.Final.jar;C:\Users\Lenovo\.m2\repository\jakarta\persistence\jakarta.persistence-api\3.1.0\jakarta.persistence-api-3.1.0.jar;C:\Users\Lenovo\.m2\repository\jakarta\transaction\jakarta.transaction-api\2.0.1\jakarta.transaction-api-2.0.1.jar;C:\Users\Lenovo\.m2\repository\org\jboss\logging\jboss-logging\3.6.1.Final\jboss-logging-3.6.1.Final.jar;C:\Users\Lenovo\.m2\repository\org\hibernate\common\hibernate-commons-annotations\7.0.3.Final\hibernate-commons-annotations-7.0.3.Final.jar;C:\Users\Lenovo\.m2\repository\io\smallrye\jandex\3.2.0\jandex-3.2.0.jar;C:\Users\Lenovo\.m2\repository\com\fasterxml\classmate\1.7.0\classmate-1.7.0.jar;C:\Users\Lenovo\.m2\repository\net\bytebuddy\byte-buddy\1.15.11\byte-buddy-1.15.11.jar;C:\Users\Lenovo\.m2\repository\org\glassfish\jaxb\jaxb-runtime\4.0.5\jaxb-runtime-4.0.5.jar;C:\Users\Lenovo\.m2\repository\org\glassfish\jaxb\jaxb-core\4.0.5\jaxb-core-4.0.5.jar;C:\Users\Lenovo\.m2\repository\org\eclipse\angus\angus-activation\2.0.2\angus-activation-2.0.2.jar;C:\Users\Lenovo\.m2\repository\org\glassfish\jaxb\txw2\4.0.5\txw2-4.0.5.jar;C:\Users\Lenovo\.m2\repository\com\sun\istack\istack-commons-runtime\4.1.2\istack-commons-runtime-4.1.2.jar;C:\Users\Lenovo\.m2\repository\jakarta\inject\jakarta.inject-api\2.0.1\jakarta.inject-api-2.0.1.jar;C:\Users\Lenovo\.m2\repository\org\antlr\antlr4-runtime\4.13.0\antlr4-runtime-4.13.0.jar;C:\Users\Lenovo\.m2\repository\org\springframework\data\spring-data-jpa\3.4.2\spring-data-jpa-3.4.2.jar;C:\Users\Lenovo\.m2\repository\org\springframework\data\spring-data-commons\3.4.2\spring-data-commons-3.4.2.jar;C:\Users\Lenovo\.m2\repository\org\springframework\spring-orm\6.2.2\spring-orm-6.2.2.jar;C:\Users\Lenovo\.m2\repository\org\springframework\spring-tx\6.2.2\spring-tx-6.2.2.jar;C:\Users\Lenovo\.m2\repository\org\slf4j\slf4j-api\2.0.16\slf4j-api-2.0.16.jar;C:\Users\Lenovo\.m2\repository\org\springframework\spring-aspects\6.2.2\spring-aspects-6.2.2.jar;C:\Users\Lenovo\.m2\repository\org\aspectj\aspectjweaver\1.9.22.1\aspectjweaver-1.9.22.1.jar;C:\Users\Lenovo\.m2\repository\org\thymeleaf\thymeleaf-spring6\3.1.3.RELEASE\thymeleaf-spring6-3.1.3.RELEASE.jar;C:\Users\Lenovo\.m2\repository\org\thymeleaf\thymeleaf\3.1.3.RELEASE\thymeleaf-3.1.3.RELEASE.jar;C:\Users\Lenovo\.m2\repository\org\attoparser\attoparser\2.0.7.RELEASE\attoparser-2.0.7.RELEASE.jar;C:\Users\Lenovo\.m2\repository\org\unbescape\unbescape\1.1.6.RELEASE\unbescape-1.1.6.RELEASE.jar;C:\Users\Lenovo\.m2\repository\jakarta\xml\bind\jakarta.xml.bind-api\4.0.2\jakarta.xml.bind-api-4.0.2.jar;C:\Users\Lenovo\.m2\repository\jakarta\activation\jakarta.activation-api\2.1.3\jakarta.activation-api-2.1.3.jar;C:\Users\Lenovo\.m2\repository\org\springframework\spring-core\6.2.2\spring-core-6.2.2.jar;C:\Users\Lenovo\.m2\repository\org\springframework\spring-jcl\6.2.2\spring-jcl-6.2.2.jar;C:\Users\Lenovo\.m2\repository\com\mysql\mysql-connector-j\9.1.0\mysql-connector-j-9.1.0.jar;C:\Users\Lenovo\.m2\repository\org\springframework\spring-aop\6.2.2\spring-aop-6.2.2.jar;C:\Users\Lenovo\.m2\repository\org\springframework\security\spring-security-config\6.4.2\spring-security-config-6.4.2.jar;C:\Users\Lenovo\.m2\repository\org\springframework\security\spring-security-core\6.4.2\spring-security-core-6.4.2.jar;C:\Users\Lenovo\.m2\repository\org\springframework\security\spring-security-crypto\6.4.2\spring-security-crypto-6.4.2.jar;C:\Users\Lenovo\.m2\repository\org\springframework\security\spring-security-web\6.4.2\spring-security-web-6.4.2.jar;C:\Users\Lenovo\.m2\repository\com\h2database\h2\2.3.232\h2-2.3.232.jar;C:\Users\Lenovo\.m2\repository\org\jsoup\jsoup\1.18.1\jsoup-1.18.1.jar;C:\Users\Lenovo\.m2\repository\org\projectlombok\lombok\1.18.36\lombok-1.18.36.jar
Launcher Type: SUN_STANDARD

[Global flags]
     intx CICompilerCount                          = 4                                         {product} {ergonomic}
     uint ConcGCThreads                            = 2                                         {product} {ergonomic}
     uint G1ConcRefinementThreads                  = 8                                         {product} {ergonomic}
   size_t G1HeapRegionSize                         = 1048576                                   {product} {ergonomic}
    uintx GCDrainStackTargetSize                   = 64                                        {product} {ergonomic}
   size_t InitialHeapSize                          = 132120576                                 {product} {ergonomic}
   size_t MarkStackSize                            = 4194304                                   {product} {ergonomic}
   size_t MaxHeapSize                              = 2086666240                                {product} {ergonomic}
   size_t MaxNewSize                               = 1251999744                                {product} {ergonomic}
   size_t MinHeapDeltaBytes                        = 1048576                                   {product} {ergonomic}
   size_t MinHeapSize                              = 8388608                                   {product} {ergonomic}
    uintx NonNMethodCodeHeapSize                   = 4096                                   {pd product} {ergonomic}
    uintx NonProfiledCodeHeapSize                  = 0                                      {pd product} {ergonomic}
     bool ProfileInterpreter                       = false                                  {pd product} {command line}
    uintx ProfiledCodeHeapSize                     = 0                                      {pd product} {ergonomic}
   size_t SoftMaxHeapSize                          = 2086666240                             {manageable} {ergonomic}
     intx TieredStopAtLevel                        = 1                                         {product} {command line}
     bool UseCompressedOops                        = true                           {product lp64_product} {ergonomic}
     bool UseG1GC                                  = true                                      {product} {ergonomic}
     bool UseLargePagesIndividualAllocation        = false                                  {pd product} {ergonomic}

Logging:
Log output configuration:
 #0: stdout all=warning uptime,level,tags foldmultilines=false
 #1: stderr all=off uptime,level,tags foldmultilines=false

Environment Variables:
PATH=C:/Users/Lenovo/.gemini/antigravity-ide/bin;C:\Program Files\Common Files\Oracle\Java\javapath;C:\WINDOWS\system32;C:\WINDOWS;C:\WINDOWS\System32\Wbem;C:\WINDOWS\System32\WindowsPowerShell\v1.0\;C:\WINDOWS\System32\OpenSSH\;C:\Program Files\NVIDIA Corporation\NVIDIA App\NvDLISR;C:\Program Files (x86)\NVIDIA Corporation\PhysX\Common;C:\Program Files\Java\jdk-21\bin;C:\Program Files\Git\cmd;C:\Users\Lenovo\AppData\Local\Microsoft\WindowsApps;C:\Users\Lenovo\AppData\Local\Kingsoft\WPS Office\12.1.0.27458\clitool;C:\Users\Lenovo\AppData\Local\Programs\Antigravity IDE\bin
USERNAME=Jatin
OS=Windows_NT
PROCESSOR_IDENTIFIER=Intel64 Family 6 Model 126 Stepping 5, GenuineIntel
TMP=C:\Users\Lenovo\AppData\Local\Temp
TEMP=C:\Users\Lenovo\AppData\Local\Temp




Periodic native trim disabled

---------------  S Y S T E M  ---------------

OS:
 Windows 11 , 64 bit Build 26100 (10.0.26100.9278)
OS uptime: 9 days 17:49 hours

CPU: total 8 (initial active 8) (4 cores per cpu, 2 threads per core) family 6 model 126 stepping 5 microcode 0x86, cx8, cmov, fxsr, ht, mmx, 3dnowpref, sse, sse2, sse3, ssse3, sse4.1, sse4.2, popcnt, lzcnt, tsc, tscinvbit, avx, avx2, aes, erms, clmul, bmi1, bmi2, adx, avx512f, avx512dq, avx512cd, avx512bw, avx512vl, sha, fma, vzeroupper, avx512_vpopcntdq, avx512_vpclmulqdq, avx512_vaes, avx512_vnni, clflush, clflushopt, avx512_vbmi2, avx512_vbmi, rdtscp, rdpid, fsrm, gfni, avx512_bitalg, f16c, pku, avx512_ifma
Processor Information for all 8 processors :
  Max Mhz: 1190, Current Mhz: 991, Mhz Limit: 987

Memory: 4k page, system-wide physical 7956M (146M free)
TotalPageFile size 32532M (AvailPageFile size 32M)
current process WorkingSet (physical memory assigned to process): 222M, peak: 222M
current process commit charge ("private bytes"): 258M, peak: 258M

vm_info: Java HotSpot(TM) 64-Bit Server VM (21.0.9+7-LTS-338) for windows-amd64 JRE (21.0.9+7-LTS-338), built on 2025-09-26T06:33:49Z by "mach5run" with MS VC++ 17.6 (VS2022)

END.
